"y","academy","entry","exit"
"No","No",64.9622880861341,443.6
"No","No",95.5965417641788,317.7
"No","Yes",81.8867792052093,74.9
"No","No",73.5096465286911,249.1
"No","No",103.388945149717,374.7
"No","No",0,292.8
"No","Yes",108.689559483862,132.7
"No","No",54.0287037669158,449.9
"No","No",99.1067142148749,238.1
"No","No",0,502.7
"No","Yes",46.9759736486706,176.4
"No","No",43.2713147080792,615.7
"No","No",57.2573231091211,414.7
"No","No",129.551493542657,321.9
"No","No",54.8267387854323,393.8
"No","Yes",99.6945105368342,165.6
"No","Yes",126.797766397229,226.3
"No","Yes",133.546273959015,131.9
"No","No",31.2959458168308,350.9
"No","No",66.1289065704005,378.6
"No","No",58.1583615425991,394.9
"No","No",77.6615030755545,417.9
"No","No",74.5558880457855,514.7
"No","No",102.549471601305,429.2
"No","Yes",19.6398582712769,168.7
"No","Yes",150.510633160019,190.5
"No","No",36.4000814163121,542.1
"No","No",110.294774821115,500.7
"No","No",109.37741321045,374.1
"No","No",73.1005524618151,477.5
"No","No",50.1886177366307,426.4
"No","Yes",114.245105395884,131.2
"No","Yes",80.5022492490483,168.8
"No","No",0,499.6
"No","Yes",115.271357673473,104.6
"No","Yes",113.584205941553,158.9
"No","No",43.8183230467863,333.8
"No","No",61.4538954764019,634.3
"No","No",0,324.8
"No","No",131.848202071475,368.7
"No","No",115.969887370308,337
"No","No",61.5138728721402,481.4
"No","Yes",140.522181526264,198.9
"No","No",76.3195951143582,266.6
"No","Yes",67.0044475475339,162.1
"No","Yes",68.9882837901983,151.9
"No","No",6.85585846214667,283.9
"No","No",17.4939370557599,413.5
"No","Yes",84.4833409072677,143
"No","No",41.1075852389831,462.2
"No","No",29.8814020243258,512.6
"No","No",45.4352264609421,604
"No","Yes",79.5485723608437,119.1
"No","No",118.680548844676,445
"No","Yes",102.312122810264,165.8
"No","No",40.0237425440136,459.5
"No","No",73.0202237380608,515.8
"No","No",93.2963601077127,464.2
"No","No",21.71338631574,471.9
"No","No",16.6073363251554,454.3
"No","No",126.626757575758,382.2
"No","No",34.1761940343431,614.3
"No","No",103.244443106731,458
"No","No",130.296784649231,654.6
"No","No",107.527402506635,680.4
"No","No",94.0882306764291,305.5
"No","No",53.1579803416745,580.9
"No","No",0,477.3
"No","Yes",72.1568064532355,205
"No","No",24.1808938332155,328.5
"No","No",77.2066632282782,335.4
"No","Yes",104.789795340801,176.3
"No","No",24.2756599924786,554.5
"No","No",40.0476478928637,496.4
"No","Yes",73.7103481211331,106.7
"No","No",38.2903027114782,339.3
"No","Yes",138.677171565653,184
"No","No",82.6568981532926,337.2
"No","No",122.301884531548,491
"No","No",108.321594795577,536.4
"No","Yes",88.7155909854489,208.8
"No","Yes",66.6341353839052,112.5
"No","No",28.9170010491569,154.1
"No","Yes",51.2361672742216,160.1
"No","No",39.3355552026939,360.1
"No","No",8.47263403298357,513.7
"No","No",90.4376524918983,432.2
"No","No",112.071896057495,449.3
"No","Yes",104.919360064867,77.5
"No","No",37.2972702968688,369
"No","No",47.4825881728739,393.9
"No","No",8.48592823939163,323.6
"No","Yes",129.386102588871,159.3
"No","No",31.4019959066309,394
"No","Yes",65.5600120625556,141.1
"No","No",116.338786489332,412.2
"No","No",102.328194762154,451.9
"No","No",62.6203820767176,576.8
"No","Yes",121.175461746427,188.6
"No","No",2.80009621947754,532.9
"No","No",32.0586886539949,239.3
"No","No",57.656592040897,332.3
"No","Yes",0,98.2
"No","Yes",78.2317065450615,175
"No","Yes",29.9050862489913,217.6
"No","No",59.3596510627192,304.4
"No","No",74.4701755675148,546.1
"No","Yes",0,137.6
"No","Yes",82.625799845379,224.7
"No","No",36.5536691690075,534.7
"No","No",70.4005128448237,453
"No","No",70.4684258306984,463.2
"No","No",42.6573801416167,372.6
"No","No",79.1285193722361,289
"No","No",114.371002716506,428.3
"No","Yes",63.426211155857,233.4
"No","No",69.401269607805,611.6
"No","No",62.1096133093301,494.8
"No","No",86.0445492402575,334.4
"No","No",59.7561317577172,356.9
"No","No",132.010712383184,452.6
"No","No",57.0492209913155,464.6
"No","Yes",62.8816587303638,180.8
"No","No",113.203099943046,360.5
"No","No",9.84620746322195,473.4
"Yes","No",168.263507547911,489.6
"No","No",2.42220789408517,210.5
"No","No",66.4496683043091,351.6
"Yes","Yes",169.135407466358,206.6
"No","Yes",72.4839328161486,203.9
"No","No",44.4753174616773,389
"No","No",75.97162347826,362.7
"No","No",110.051301287104,358.4
"No","No",19.5929269603682,378.8
"No","Yes",116.198958087114,180.7
"No","Yes",102.725289238988,192.2
"No","No",39.5605437377803,359.2
"No","No",44.8823133337515,247.8
"No","No",156.945984148545,421.2
"No","Yes",75.6986746746626,186.2
"No","No",43.9218067497228,425
"No","No",120.636913375207,333.8
"No","Yes",50.87212030411,154.2
"No","No",85.1425959201648,440.9
"No","No",85.9145372204257,343.9
"No","No",49.2105401624807,505.1
"No","No",63.1454453567423,440.4
"No","No",33.0374112036992,157
"No","No",0,401.5
"No","No",48.8012273768911,336.1
"No","No",105.958865269296,380.2
"No","No",20.7940201484462,433.3
"No","Yes",100.351624570012,143
"No","Yes",43.5311822393775,151.6
"No","No",68.3796580392249,443.2
"No","No",50.0379162176665,313.9
"No","No",6.39258085517207,319.7
"No","Yes",163.770586105273,136.3
"No","Yes",78.0054121021145,224.7
"No","No",88.2072151546122,416.9
"No","No",52.5734449241997,427.7
"No","Yes",63.6833579318147,211.5
"No","No",137.166315821702,418.5
"No","No",110.714738949981,416.4
"No","Yes",20.9553428235864,209.1
"No","No",52.738548140951,307.3
"No","No",62.7965246648476,426.8
"No","No",40.6514375770799,482
"No","No",80.9235595447854,450.3
"No","Yes",97.6687686683122,161.5
"No","No",92.4755126911422,511.7
"No","No",0,287.6
"No","No",46.945154636982,324.3
"No","No",72.7933514529034,329.7
"No","Yes",137.937912245541,197
"No","Yes",50.4642733171532,118.5
"No","No",133.219631778798,249.4
"No","No",76.817155513504,428.4
"No","No",91.2768328612309,435.1
"No","Yes",62.6249142566997,147.9
"No","Yes",96.3839267449587,151.8
"No","No",152.85800696743,510.6
"No","Yes",44.7817131217739,151.5
"No","Yes",96.8017363640546,192.6
"No","Yes",75.495877671689,159.8
"No","No",69.6145400501389,509.6
"No","Yes",35.8405063958996,159
"No","No",18.2315388882081,175.3
"No","Yes",180.113503405367,183.4
"No","No",66.690744771507,441.9
"No","No",74.6460986422457,359.2
"No","No",72.3418785864334,496.2
"No","Yes",161.168883739412,69.9
"No","Yes",130.448446021994,267.2
"No","No",106.906957938325,397.2
"No","Yes",106.932091720031,198.5
"No","Yes",127.233485962726,232
"No","Yes",32.0088037878537,217.8
"No","No",23.6584104885712,408.6
"No","No",64.9196289846499,350.4
"No","No",92.8588530644605,258.7
"No","Yes",65.6905925148094,208.6
"No","No",40.5629130192612,409.1
"No","No",5.07280145596354,354.6
"No","No",103.783716664911,476.8
"Yes","No",146.288512612489,468.6
"No","No",84.076007125359,560.9
"No","No",66.7504901069166,414.2
"No","No",32.9808714850994,312.3
"Yes","No",177.350767596883,421.3
"No","Yes",72.7738033181117,204.8
"No","No",94.4538040673783,502.6
"No","Yes",40.4690082113033,150.9
"No","No",132.181246035195,367.3
"No","Yes",93.5420594775168,126.6
"Yes","No",118.334169654297,347.1
"No","No",59.9704533442637,329.3
"No","No",108.474351364536,439.5
"No","Yes",1.20363335265814,193.2
"No","No",14.7407080761558,334.4
"No","Yes",120.378425853341,258.9
"No","No",84.3449306661118,356
"No","Yes",38.6963721483637,148.1
"No","No",90.8341264905292,374.6
"No","No",58.9764308123174,316
"No","Yes",67.1790394408695,207.7
"No","No",25.778234701101,444.1
"No","Yes",45.9537392410129,166.2
"No","No",62.116100533374,417.6
"No","No",63.8467250836416,344.2
"No","Yes",92.4285578822633,183.2
"No","No",33.1185916920082,411
"No","No",113.382028589414,409
"No","No",80.591109940943,407.1
"No","No",148.94383333079,463.3
"No","Yes",78.6912418165917,197.5
"No","No",33.2840899380237,539.4
"No","No",114.67454914852,523.8
"No","Yes",45.4687308062619,224.6
"No","Yes",116.087496856783,79.9
"No","No",149.178882611938,282.4
"No","No",35.4655149639032,300
"No","Yes",65.8861762597327,250.2
"No","No",20.1618607759593,320.2
"No","Yes",78.6435420196195,127.2
"No","No",37.3675287324905,559.7
"No","Yes",137.501357957998,111
"No","No",98.0422990162058,321.5
"No","No",27.7671047968041,483
"No","No",39.4327891587422,550.7
"No","No",24.8332949706266,371.9
"No","No",55.2395084095611,228
"No","Yes",168.314106097533,184
"No","No",0,289.5
"No","Yes",118.361428514331,231.8
"No","No",55.0781397348903,549.6
"No","No",98.9391429937846,274.7
"No","No",76.9403155403866,458.8
"No","No",79.7177034385235,485.1
"No","No",84.3842326572481,468.1
"No","No",23.8026471722185,231.2
"No","No",1.21811065624933,252.2
"No","No",69.9792062021459,447.8
"No","Yes",120.48921154898,189.3
"No","Yes",108.81311156776,179.2
"No","Yes",105.515273644118,251.1
"No","No",19.7409137928188,347.9
"No","Yes",121.234054533101,195.8
"No","Yes",87.0746300625812,197.3
"No","No",105.469745759709,368.9
"Yes","Yes",99.6171896198379,218.5
"Yes","No",99.6524705931175,372.2
"No","No",69.1317880059988,313.3
"No","No",78.1857931960771,274.4
"No","Yes",32.6613497163013,258.3
"No","No",66.5682133907279,399
"No","Yes",171.811841519008,150
"No","No",87.9023055170989,279.6
"No","Yes",76.2562215868674,207.6
"No","No",98.0542927065048,181.5
"No","No",62.7056562761087,315.2
"No","Yes",57.8604914126637,157.1
"No","No",87.0576688332412,437.4
"No","Yes",123.202701074257,157.6
"No","Yes",97.548151342797,140.7
"No","No",97.0055023151559,302.2
"No","No",53.89322959093,217.9
"No","No",92.0645947476979,492.6
"No","No",142.895864092144,381.9
"No","Yes",104.732575537404,166.7
"No","Yes",114.896094395053,235.4
"No","No",74.5692401473978,374
"No","No",0,391.2
"No","Yes",150.967015641704,95.8
"No","No",62.8293257024684,545.9
"No","Yes",105.406112326606,124.3
"No","Yes",135.7337845458,117.2
"No","Yes",0,204.8
"No","No",5.57182325558171,479.5
"No","No",45.775069882264,500.5
"No","No",26.1072816432447,353.9
"No","No",0,386.1
"No","Yes",134.920109799684,260.5
"No","Yes",43.8005117589861,217.2
"No","No",0,413.9
"No","Yes",85.9828468464368,164.4
"No","Yes",166.388252209036,204.9
"No","No",35.9302943725904,418
"No","No",52.8177760524274,376.7
"No","No",0,445.5
"No","No",66.0988438009306,393.7
"No","Yes",98.8513318372145,130.1
"No","No",68.7044786551932,494.4
"No","Yes",44.5197889384994,228.8
"No","No",96.9401175755511,606.5
"No","No",138.601240246454,496.7
"No","No",37.0429655029261,382.2
"No","Yes",105.247969937634,210.9
"No","Yes",74.4452972953762,92.7
"No","No",50.2412714673147,532
"No","No",91.6254354615553,212.2
"No","No",66.673783051439,89.8
"No","No",5.93339988735451,287.4
"No","No",40.3207683791859,480.3
"No","Yes",71.1006687545563,277.2
"No","No",67.7706231781406,615.8
"No","No",33.9225467996404,369.4
"No","No",0,362.8
"No","Yes",96.4156701930579,261
"No","No",88.5270447168855,652.5
"No","Yes",60.9170542383106,49.9
"No","No",39.4090206317293,279
"No","No",0,363
"No","No",44.2862826461051,351.5
"No","No",50.3399469418572,417.9
"No","No",91.2686392592288,496.8
"No","No",53.1509734909758,540.9
"No","No",66.8219487274146,530.8
"No","Yes",70.4247575630311,141.8
"No","Yes",65.751957908792,160.9
"No","No",103.103789909949,544.2
"No","No",119.28995584911,416.6
"No","No",52.3875717011195,565.2
"No","No",64.2749895369386,563.8
"No","No",60.6251753315609,438.4
"No","Yes",59.0605403492584,204.5
"No","Yes",113.406119289093,231.3
"No","No",0,523
"No","Yes",79.9745924406601,241.6
"No","No",0,290.7
"No","No",113.378880706197,491.4
"Yes","No",157.04177096123,462.3
"No","Yes",114.017671275594,163.1
"No","No",136.236687031625,369.1
"No","Yes",30.7629239961166,182.5
"No","No",21.2657741635861,235.3
"No","Yes",73.9244444440767,194.8
"No","Yes",122.785046807107,216.1
"No","No",94.7261742380331,349.1
"No","No",11.3021530698053,338.2
"No","No",67.5392254017463,380.2
"No","No",49.7344917552081,463
"No","No",161.998426838122,369.7
"No","No",64.4027938263574,434.6
"No","No",86.5567109556095,185.1
"No","Yes",104.919760362891,293.6
"No","Yes",29.3462609863813,193.7
"No","No",110.956167203561,336.9
"No","No",52.6946372646072,416.7
"No","No",21.7347407658763,248.5
"No","No",60.4696871590519,494.9
"No","Yes",112.933276128166,119.1
"No","Yes",85.0875944630272,147.4
"No","Yes",53.531902102421,220.3
"No","No",97.7382047146135,522.9
"No","Yes",117.67079722754,86.2
"No","No",85.0521230724132,263.7
"No","No",113.879398184688,346.7
"No","No",145.98313196494,306.2
"No","No",79.3983737547439,364.7
"No","Yes",28.1797905888904,188.1
"No","No",9.55276284585532,422.9
"No","Yes",88.2050949041812,124
"No","No",52.6463479331051,352.9
"No","No",27.1237064914321,407.9
"No","No",21.0097504618714,313.4
"No","No",0,346.5
"No","No",24.3003790868313,587.3
"No","No",50.0370595240532,350.8
"No","No",41.6858879961705,252.3
"No","Yes",67.6294184486378,127.1
"No","No",119.393340097643,364.4
"No","No",74.792115614389,228.8
"No","No",81.3451356133485,366.7
"No","No",86.4395455552799,483.9
"No","No",69.7290650525608,540.8
"No","Yes",41.412545735873,203.8
"No","No",51.2993108943964,376.8
"No","No",76.8602598246807,437.8
"No","No",76.364713621895,496.8
"No","No",79.3548911012176,360.2
"No","No",118.880500292169,211.5
"No","No",37.5245630832707,398.7
"No","Yes",66.2187127762358,188.8
"No","No",68.8994098364595,418.7
"No","No",65.1285371477827,452.5
"No","No",85.8583190280503,363.3
"No","Yes",31.1678703708084,176.6
"No","No",93.672980700569,528.9
"No","No",40.4951354120954,455.7
"No","No",83.0512295223067,427.6
"No","No",52.1556623561318,432.9
"No","Yes",173.376883451626,121.5
"No","No",73.8688866867558,397.2
"No","No",17.5368174122707,354.9
"No","No",52.7037951040566,314.4
"No","No",0,397.4
"No","Yes",93.6979054087823,174.1
"No","No",29.5352205464015,497.6
"No","No",81.3096352604155,294.1
"No","Yes",49.9903483676389,217.5
"No","No",21.9906912714815,476.9
"No","No",51.5564212008675,463
"No","No",49.6713069571077,623.5
"No","Yes",70.1916074435021,104.2
"No","Yes",111.122620544158,198.2
"No","No",105.464000289609,342.6
"No","No",96.1969417246443,433.7
"No","No",129.014734227511,338.4
"No","Yes",49.972754700268,274.2
"No","No",106.097979215413,300.4
"No","No",50.3240416324022,382
"No","No",84.6260100933853,374.9
"No","No",87.4083949320353,377.5
"No","No",128.417614002775,109.2
"No","No",94.4199341129007,566.1
"No","No",102.839785600779,617.9
"No","No",101.262284436977,275.9
"No","No",36.8730231068764,478.1
"No","No",24.5759653838059,356.2
"No","No",37.9958630542956,307.7
"No","Yes",178.515366723953,271.4
"No","No",116.907010663533,299.4
"No","Yes",107.97769969705,210.6
"No","No",85.6024727829012,302.9
"No","Yes",54.644373822184,250.4
"No","Yes",109.825788482344,134
"No","No",108.760993708372,369.6
"No","No",108.375494807182,462.6
"No","No",55.9891093894693,432.1
"No","Yes",75.1107261865903,127.1
"No","No",107.113368083629,122.9
"No","No",2.21476611621221,293.2
"No","No",75.9787552613257,294.8
"No","No",35.5098579949749,402.2
"No","Yes",135.456134955894,181.5
"No","Yes",103.314496233591,159.4
"No","No",87.7661676524484,499.5
"No","Yes",56.8737295283278,181.5
"No","No",34.2829670047863,253.8
"No","No",93.567607363381,315.6
"Yes","Yes",166.690862595151,180.8
"No","No",70.6822544620963,351.6
"No","Yes",52.685721400976,217.9
"No","No",37.3532004690022,240
"No","Yes",45.7955378634421,181.9
"No","No",91.5311696572409,215.5
"No","Yes",91.6902536562987,159.8
"No","Yes",138.996594140608,136.2
"No","Yes",74.7892748496815,168.8
"No","Yes",99.0933195443542,136.3
"No","No",116.585375998175,432.8
"No","No",38.617009753253,329
"No","No",6.6943600237028,527.7
"No","No",153.307905602828,482.4
"No","No",143.130137171038,487
"No","No",105.11554244929,439.1
"No","No",54.3078481366701,408.8
"No","No",78.3326462996379,300.2
"No","No",110.209031342783,291.5
"No","Yes",125.802703322083,182.3
"No","No",32.3548355994313,443.3
"No","No",81.8776292340139,449.3
"No","Yes",106.416711455468,216.5
"No","Yes",70.7157424616019,157.2
"No","No",0.907285708887471,337.8
"No","No",0,310.8
"No","Yes",44.3905591468266,169.7
"No","Yes",109.275254398156,184.6
"Yes","No",169.422350047884,533.9
"No","Yes",94.3192018609806,117.4
"No","No",37.2698014635161,550
"No","No",95.3233015727904,329.4
"No","No",6.63699244842009,191.5
"No","No",5.02410611332979,542.2
"No","Yes",101.842616031383,235
"No","Yes",0,156.8
"No","No",78.1650876036665,302.4
"No","No",81.8412782741226,453.2
"No","No",8.45347069225845,272.1
"No","No",17.62339416786,309.7
"No","No",91.8012078702474,362.7
"No","No",93.4770830467878,301.6
"No","No",0,357.4
"No","Yes",100.628387127416,184.7
"No","Yes",133.891027468181,187.1
"No","No",71.3005871121083,363.1
"No","No",103.83795508688,239.9
"No","No",117.725105699504,478.1
"No","No",114.294145449903,615.3
"No","No",50.5872204026984,363.7
"No","Yes",93.2399958884708,137.1
"No","Yes",16.6222951300114,159.8
"No","No",34.5991407364146,180.1
"No","Yes",75.0286933472121,172.8
"No","No",49.5205370685619,442
"No","No",109.935762950363,481.1
"No","No",37.0227451928993,247.4
"No","Yes",135.175316914218,167.4
"No","No",134.216312965318,240.6
"No","No",80.1930100690081,408.5
"No","Yes",14.5983813953021,210.8
"No","No",34.6939672181384,434.7
"No","Yes",174.686434280833,178.6
"No","No",98.1672521870134,232.2
"No","No",109.430803098001,464.1
"Yes","No",134.090068970672,295.3
"No","Yes",108.425994050226,211.6
"No","Yes",75.0809520029425,120.4
"No","No",89.4508373559935,594
"No","No",26.1854803598633,575
"No","No",69.0610987388096,345.9
"No","No",49.1439982472045,375.7
"No","No",85.5449715585625,300.9
"No","No",6.74935523704044,551.9
"No","Yes",71.9514442679384,144.9
"No","No",66.5497378194659,429
"No","No",29.1892904415925,238.7
"No","Yes",75.8095985699408,187.9
"No","No",9.87127026762023,273.7
"No","No",106.977761719763,517.4
"No","Yes",34.16203600571,174.5
"No","No",98.6023291807839,527.7
"No","No",35.350488463211,554.5
"No","No",53.6503762150557,332
"No","Yes",0.143470665346608,208.4
"No","No",109.926667741038,313.1
"No","No",147.477584295241,411.3
"No","Yes",21.6075341821183,204.3
"No","Yes",53.6337039617744,129.3
"No","No",29.5010758590067,345
"No","No",81.1565267262638,571.3
"No","No",129.149526598299,339.6
"No","No",73.0113079720663,289.6
"No","Yes",141.600749115954,186.7
"No","Yes",111.898029386294,224.9
"No","No",66.223096610115,107.7
"No","No",30.5605075132072,295.6
"No","Yes",44.1108872036617,229.4
"No","No",80.3663244049601,386.5
"No","Yes",155.055507930848,185.4
"No","Yes",95.9018669271345,146.7
"No","No",188.158417009404,347.5
"No","No",96.9433728592611,471.5
"No","No",73.4400448864697,423.1
"No","Yes",78.1967057420672,184.1
"No","Yes",83.8862168257501,221.8
"No","Yes",85.2620246051809,163.2
"No","No",25.4043522519766,176.1
"No","Yes",130.75536489369,198.5
"No","No",28.7366891809977,276.7
"No","No",36.8774766815368,408.8
"No","No",98.3974008848446,368.1
"No","No",0.0396933898970527,319.3
"No","No",55.1826713844606,139
"No","No",26.168238665713,566.8
"No","Yes",56.7571441027036,197
"No","No",108.914776806433,529
"No","Yes",105.404536975843,130.8
"No","No",74.23466601204,169.1
"No","No",77.1189601601066,448.3
"No","Yes",84.1923285149236,172.8
"No","No",138.454634482779,439
"No","No",51.2705561287613,519.3
"No","No",102.105095299055,453.8
"No","No",38.7101310144424,354.5
"No","No",91.3743927240456,391.4
"No","Yes",116.010436888315,292.5
"No","No",51.1533065836285,407.3
"No","Yes",22.3780965041745,130.6
"No","No",18.5124850279381,522.5
"Yes","No",156.107247486646,489.7
"No","No",101.829154483778,333.9
"No","No",111.592309925226,712.4
"No","No",55.5729271802693,255.6
"No","Yes",91.5281451239998,143.2
"No","No",71.0359765067546,316.2
"No","No",21.4462647176136,560.9
"No","No",58.9773693141257,318.2
"No","Yes",94.0663891265647,154.3
"No","No",65.9917716916162,430.2
"No","No",0,422.8
"No","No",87.4402929479675,411.2
"No","No",139.789462727442,427.8
"No","No",12.1554337789773,456
"No","Yes",89.5081231412895,182.6
"Yes","No",181.050025797611,450
"No","No",56.8849025513613,467
"No","Yes",98.3926702515516,115.3
"No","No",0,295.1
"No","No",46.5508701281598,430.3
"No","No",109.102863065263,393.4
"No","Yes",138.880487002355,220.5
"No","No",23.182541023583,349.3
"No","No",117.626290750566,505.1
"No","No",128.552839701283,450.9
"No","No",70.4931641512376,303
"No","No",82.1608610106075,334.5
"No","No",7.19081599659565,358.9
"No","No",83.6240874296911,455.2
"Yes","No",132.57164398157,498
"No","Yes",33.4102178924128,137.1
"No","Yes",68.8674232588269,189.8
"No","No",41.0552314671068,431.5
"Yes","Yes",126.85301186897,254
"No","No",91.9148058526019,416.7
"No","No",8.6056846565862,445.6
"No","No",30.1673560279195,426.8
"No","Yes",118.559702726451,137.9
"No","No",0,344.8
"No","No",54.8756874444273,424.4
"No","No",53.4105843760811,301.5
"No","Yes",130.593311665302,209
"No","No",52.8320472715091,499.3
"No","No",82.545443158515,487.5
"No","No",104.667892543662,374.6
"No","Yes",151.179845689313,233
"No","No",51.2479415270066,542
"No","No",123.446344050103,544
"No","No",98.3011469101243,528.2
"Yes","No",133.221024966526,402.1
"No","Yes",86.8782612656333,259.2
"No","Yes",69.5613764070023,234
"No","Yes",83.7431403648691,189.4
"No","No",33.4220498697869,325.3
"No","Yes",101.901916262646,189
"No","No",123.436504764367,425.4
"No","Yes",117.703045945958,114.5
"No","No",48.7856938769985,459.7
"No","No",72.4841799841534,424.6
"No","Yes",5.61320777131659,123.1
"No","No",0,486.4
"No","No",138.352921505737,359.3
"No","No",72.4591357015517,464.2
"No","No",83.149360231433,436.9
"No","Yes",110.427034745334,201.3
"No","No",54.6377437581364,308.3
"No","No",90.6722089313612,525.1
"No","No",0,437.3
"No","Yes",0,164.2
"No","No",98.1125302697109,365.6
"No","Yes",131.068372383296,189.1
"No","No",94.1863918517133,407.1
"No","No",31.3936364422134,176.3
"No","No",91.7025207573531,506.4
"No","Yes",140.854006187167,105.4
"No","No",81.7559128986823,537.1
"No","No",56.7943268975726,403.2
"No","Yes",87.7197416362561,185
"No","No",107.38319134281,437.2
"No","No",96.1267108503582,405
"No","No",49.4468823356331,400.5
"Yes","No",180.240874260512,515.1
"No","No",135.044626212821,393.7
"No","No",82.5013066165401,499.2
"No","Yes",139.31179078692,193.7
"No","No",39.4635409183974,376.4
"No","No",66.0214123658015,386.6
"No","No",104.694140063264,240
"No","No",25.2937467206231,412.4
"No","No",50.3566682533558,391.1
"No","No",4.25161758172624,311.5
"No","No",69.1856514523471,450.8
"No","No",6.77936324297155,535.9
"No","No",74.7643452878739,459.9
"No","Yes",67.1846858969615,224.3
"No","Yes",74.1870679938258,236.3
"No","No",142.003311590457,370.9
"No","No",0,403.9
"No","Yes",114.124407054056,142.4
"No","No",0,381.7
"No","No",79.3769582327867,466.1
"No","No",43.9683802238277,515.2
"No","Yes",78.7723963985646,243.1
"No","Yes",37.9191220255174,132.8
"Yes","No",222.530431843037,515
"No","Yes",127.798865888531,113.5
"No","Yes",123.882133527969,86.4
"No","Yes",160.677949138583,176.7
"No","No",134.164722046083,419.3
"Yes","Yes",124.867988939493,121
"No","No",109.793297337655,571.8
"No","No",12.008728476634,357.6
"No","No",58.8981199956862,555.9
"No","No",127.134320667095,274.3
"No","No",54.1788952864519,564.8
"No","Yes",132.555552865588,207.4
"No","No",0,496.1
"No","Yes",29.2108935145019,195.7
"No","No",68.0796720331258,405.9
"No","No",9.82428129876032,521.1
"Yes","Yes",222.857073129876,149.5
"No","No",53.8126015454044,365.9
"No","Yes",142.055935693919,226.5
"No","No",0,500.8
"No","No",39.2375467557953,509
"No","Yes",78.0871437749733,133.7
"No","No",100.621187595311,328
"No","No",95.9056833796645,568.6
"No","No",0,457.9
"No","No",76.7277780982185,273.6
"No","Yes",68.898505404484,148.4
"No","No",123.595136682744,307.2
"No","Yes",40.5802705031161,125.9
"No","Yes",49.0556588415779,191.1
"No","Yes",39.3255678346839,152.6
"No","No",72.1649221020796,280.6
"No","No",80.0517120092069,630.4
"No","Yes",62.3625253171288,187
"No","No",74.9734399818306,537.8
"No","No",3.94600355580523,304.5
"No","No",33.5975387616947,422.6
"No","No",23.5797996898891,492.2
"No","No",149.769902487719,418.7
"No","No",95.2394806364013,554.2
"No","Yes",59.7499132656119,198.4
"No","Yes",85.0507762765629,253.1
"No","No",24.8268263851509,545.6
"No","No",0,345.2
"No","Yes",27.7409215622522,185.3
"No","No",47.7519021875051,329.9
"Yes","Yes",134.22385999747,239
"No","No",120.305959943252,409.5
"No","Yes",92.7161886677966,226.2
"No","No",98.1398138299611,342.5
"No","Yes",37.4327929039099,164.2
"No","No",48.3054014276309,527.4
"No","No",45.1029271251448,511.1
"No","No",113.784141830781,566.1
"No","Yes",106.912241401266,189.7
"No","Yes",126.321110558705,115.6
"No","No",65.6888014728516,511.4
"No","No",44.6946968822757,413.7
"No","No",149.795300410869,304.4
"No","No",60.8928095668431,469.4
"No","Yes",92.3063618893626,152
"No","Yes",41.9539972104222,249.5
"No","No",29.9572253288912,397.1
"No","Yes",39.5122924235178,131.4
"No","No",86.1210052019444,352.7
"No","No",48.9114843777162,157.1
"No","No",142.57881175918,179.7
"No","No",127.620974879349,417.4
"No","Yes",44.7727280019628,133.8
"No","No",38.5977576793406,358.6
"No","No",83.3019594807624,566.1
"No","No",8.36514361475355,198.1
"No","Yes",17.1336736163507,240.5
"No","No",63.8397353037786,240.2
"No","Yes",103.040030093349,212.2
"No","No",106.454492995625,384.5
"No","No",49.7879474850086,550.1
"No","No",0,375
"No","No",31.9880446029418,252.4
"No","No",117.234406441131,203.5
"No","No",104.390105958055,345.1
"No","Yes",28.8474698785896,123.3
"No","No",102.631403696065,273.5
"No","No",63.1931165729936,379.9
"No","No",65.1210260160852,331.3
"No","No",0,170.6
"No","No",55.1096617980588,279.1
"No","Yes",0,196.2
"No","No",0,439.4
"No","No",41.7766673600114,303.7
"No","No",39.7277582552375,426.1
"No","No",52.0629583932447,556.8
"No","No",15.5269693560693,477.5
"No","Yes",59.822057068222,153
"No","No",81.6850882332724,401.9
"No","No",22.3889778746339,259.6
"No","No",73.7517818834395,422.5
"No","Yes",133.596000819056,169.4
"No","No",101.748706684783,267.3
"No","No",17.696430804051,335.1
"No","No",30.433593071477,416.6
"No","No",140.365709323401,305.5
"No","No",162.998356823406,240.5
"No","No",21.4902966226818,401.2
"No","No",113.272830926155,449
"No","No",32.1639094166627,494
"No","No",130.365976451007,320.2
"No","No",56.1643418943793,304.7
"No","No",144.623903091331,160.5
"No","No",66.3163523477756,449.7
"No","Yes",132.773909019218,130.3
"No","Yes",0,133.3
"No","No",103.535155511424,272.1
"No","Yes",116.624892547964,155.4
"No","Yes",0.562677153988515,189.1
"No","Yes",117.835179244272,211.5
"No","No",34.1242893453565,152.3
"No","No",23.8095256463741,322.7
"No","No",63.3129021334859,510.4
"No","Yes",117.357636505744,140.7
"No","No",77.7254644478722,314.7
"No","No",98.4466761114206,388.9
"No","No",60.3756831333706,594.2
"No","Yes",103.707099721275,179.3
"No","No",64.2552722854485,509.5
"No","Yes",19.9767381142887,182.8
"No","Yes",106.788759972802,138.1
"No","No",73.1517009682361,347.4
"No","No",53.6832530381485,378.5
"No","No",88.4765518332849,266.8
"No","No",97.6479997618477,472.4
"No","No",142.772341711486,434.7
"No","No",102.134588429776,306.4
"No","No",119.516949278001,580.5
"No","No",85.7430923727882,250.6
"No","No",81.8649462469169,432.9
"No","Yes",15.7471574572701,200.2
"No","No",41.0155356597383,388.2
"No","Yes",69.6834235352551,205.9
"No","No",54.6520867186382,569.5
"No","No",32.2443008312145,396.6
"No","No",76.730358299274,496.7
"No","Yes",83.3903374511196,193.9
"No","No",108.881303790152,685.6
"No","No",0,135.7
"Yes","No",197.770810429533,407.3
"Yes","No",169.846599399206,423.5
"No","No",123.976964857474,322.8
"No","No",120.166202648899,358.7
"No","No",55.3638691734233,516
"No","Yes",113.408903069104,184.8
"No","No",56.6554336880876,173.6
"No","No",60.5923318919939,331.9
"No","No",74.5191332432455,279.4
"No","Yes",99.2971273775973,191.7
"No","Yes",71.214901228024,161.5
"No","Yes",88.7254567064392,200.7
"No","No",152.743994905837,228.2
"No","Yes",28.8070665536265,191.4
"No","No",54.5038688758697,394.4
"No","Yes",126.307124144453,149.1
"No","Yes",39.251118025299,199
"No","No",78.8228158490393,465.7
"No","No",56.6313183773076,424.5
"No","No",97.9731771485533,342.8
"No","Yes",143.038322913583,134.2
"No","No",41.7107857498519,229.4
"No","No",27.0510429055223,447.5
"No","No",86.5279630468055,337.7
"No","No",87.5066083086452,401.9
"No","No",4.6339168552515,146.8
"No","No",35.7527640015498,250.1
"No","No",129.72835064375,401.9
"No","No",68.826765547349,426.8
"No","Yes",164.235237605273,142.4
"No","Yes",90.4284413750992,213.6
"No","No",88.0390050683466,312.1
"No","No",140.418581614229,398.4
"No","Yes",107.786191382727,190.2
"No","No",24.3635150574122,280
"No","Yes",77.6326998641316,97.9
"No","Yes",98.6108975776341,156.6
"No","Yes",103.420066333118,184.2
"No","No",12.1479996043118,427.2
"No","Yes",70.483558248503,183.4
"No","No",40.7719567855887,431.3
"No","No",72.6708715207775,377.6
"No","No",110.592541664242,419.5
"No","No",83.0100219169163,492.1
"No","Yes",52.8099057205197,227.9
"No","No",65.5811022959893,395.4
"No","No",31.6437797081639,658
"No","No",101.371031730608,241
"No","Yes",42.7844848889051,148.7
"No","No",13.5799650408156,395
"No","Yes",79.0107426519882,149.6
"No","No",83.5651748601807,341.8
"No","No",13.1919840307432,431
"Yes","No",166.129633078431,496
"No","Yes",56.4353685577652,141.1
"No","Yes",0,234.2
"No","No",82.1742803242113,508
"No","No",153.750551927443,438.1
"No","No",95.7453001922662,304.9
"No","No",97.8889568206568,476.3
"No","No",61.2015083448647,359.9
"No","No",117.496311539104,620.5
"No","No",121.640785564775,515.5
"No","No",76.3653037452318,543.7
"No","No",102.96434177051,339.6
"No","No",152.56131700573,340.1
"No","Yes",18.8817616102439,161.8
"No","Yes",33.6617199850487,195.7
"No","No",89.0060567051214,439.3
"No","No",117.469956660356,354.7
"No","No",9.88975160371838,406.8
"No","No",78.6707034368971,442.1
"Yes","No",139.591336104732,387.9
"No","Yes",82.6155586469968,181.5
"No","No",58.1080424438088,324.4
"No","No",28.0509615662726,446.9
"No","No",40.9802196694783,445.3
"No","No",110.748737504015,379.3
"No","No",40.0189391156411,528.9
"Yes","Yes",207.736264844114,117.7
"No","No",121.054184554207,244.1
"No","No",9.91050346076096,400.9
"No","No",128.573033426994,543.6
"No","No",35.3357360627774,515.6
"No","Yes",13.0143494951114,151.6
"No","No",54.0694573323308,366.2
"No","No",152.105963222489,464.2
"No","Yes",21.2215589446866,171.9
"No","Yes",0,159.7
"No","Yes",65.9606367979685,130.7
"No","Yes",83.1444072370602,118.1
"No","No",76.5836477826133,337.4
"No","No",91.9804830989905,311.5
"No","No",0,369.5
"No","No",16.7772712322909,350.7
"No","No",44.2343554907487,359.6
"No","Yes",81.6150433526102,201.3
"No","No",138.891553535639,372.3
"No","No",34.9278308010952,449.8
"No","No",46.6348083616572,480.9
"No","No",58.3088910073075,442.6
"No","No",63.8259047912181,515.3
"No","No",61.0928146545047,323.2
"No","No",136.275157352001,294.8
"No","No",78.305772420719,297
"No","No",146.698732311042,491.6
"No","Yes",44.8100287239606,213.7
"No","Yes",73.0771416703966,248.2
"No","No",88.2168124839633,561.4
"No","Yes",90.9182202355235,89.7
"No","No",101.819357026081,357.7
"No","Yes",67.9783961630332,152.2
"No","No",48.2632949731028,438.7
"No","Yes",62.0288091660379,29.8
"No","No",136.797175087752,306.4
"No","No",118.717481121758,337.8
"No","Yes",77.4273553840721,180.6
"No","No",1.0756248026369,326.7
"No","No",62.2780571449696,342.8
"No","No",5.53606854132724,286.6
"No","No",150.084650348142,608.9
"No","No",112.003145182846,216.8
"No","No",59.8205097973121,533.7
"No","No",5.61865275068676,384.9
"No","No",51.9095960842682,403.7
"No","No",95.9911225958682,177.1
"No","Yes",152.812980755156,227.6
"No","No",115.849970257039,424.9
"No","No",79.8466710580577,463.3
"No","No",2.59796073745725,388.7
"No","No",25.1923029609293,354.5
"No","No",76.4508130359984,190.7
"No","No",76.9409793766771,276.9
"No","No",62.0150279847235,380.3
"No","Yes",163.866249937222,264.8
"No","Yes",109.304120448007,167.2
"No","No",11.8519172558787,345.8
"No","No",37.4542820120315,332.9
"No","No",94.2171679636661,272
"No","No",0,374.7
"No","Yes",9.46131855941793,176.4
"No","Yes",63.4241947139127,214.1
"No","No",80.6966363117671,446.3
"No","No",11.3454944956261,497.4
"No","Yes",128.943508991624,189.9
"No","No",29.0853924139977,527
"No","No",31.4286622026821,593.7
"No","No",91.7373159095272,407.1
"No","No",99.1341521737112,514.6
"Yes","Yes",202.13241016332,180.2
"No","No",123.264908665799,277.4
"No","No",66.4125738934963,427.6
"No","No",77.1304246476708,413.7
"No","No",67.7450312236635,448.5
"No","Yes",103.765201687689,103.5
"No","No",96.654102565013,392.7
"No","Yes",64.5045036511952,186.4
"No","No",10.2301402552188,273.7
"No","No",70.7557941584239,525.1
"No","No",84.0550163385755,482
"No","No",80.2171646610885,331.3
"No","Yes",149.848276234817,233.4
"No","Yes",134.181698355933,149.1
"No","Yes",108.089096547736,173.7
"No","No",34.3958211262109,457.8
"No","No",46.9691250545666,357.1
"No","No",137.741985850087,511.6
"No","No",0,557.8
"No","No",72.846027018025,359
"No","Yes",114.946953972878,195.3
"No","Yes",63.3152712212269,126.9
"No","No",65.3888871574463,332.4
"No","No",109.662173690996,350.7
"No","No",75.4277959080828,285.4
"No","No",72.2554685181889,551.2
"No","Yes",147.538521658121,153.6
"No","Yes",137.769656950866,143.4
"No","Yes",79.6052062552846,150.9
"No","Yes",61.0438588693827,123.6
"No","No",112.445008425789,685.8
"No","Yes",46.9860995522863,178.2
"No","No",82.099235388419,383.4
"No","Yes",77.94856211317,146.4
"No","No",91.9965409893116,663
"No","Yes",117.516157480184,233.7
"No","Yes",62.200552549194,267.7
"No","No",75.0259817226072,339
"No","No",75.7243889659518,445.5
"No","Yes",173.240470425273,149.4
"No","Yes",128.454461354683,130.5
"No","No",12.0773833942291,399.3
"No","No",26.6945320861803,289.2
"No","Yes",62.4701131397704,176.1
"No","No",25.2188073879816,392.6
"No","Yes",120.912710077378,114
"No","Yes",118.242579048343,110.2
"No","No",10.3152345518288,475.2
"No","No",71.2810517582613,377.2
"No","No",56.9958943680463,524.1
"No","Yes",116.834499642904,284.8
"No","No",34.6442856452929,225.8
"No","No",96.1171865963943,388.6
"Yes","No",168.592145337025,318.2
"No","Yes",140.270535720767,244.7
"No","Yes",35.9169237280366,196.9
"No","No",85.004289203831,501.4
"No","No",94.206626479377,455.1
"No","No",33.9614849721104,282.7
"No","No",96.0739434200771,544.2
"No","No",3.41011364605792,371.9
"No","No",67.3389759244902,365.1
"No","No",105.943725685227,303.2
"No","Yes",111.798683396469,167
"No","No",107.913439569362,427.8
"No","No",28.3951265198863,500.7
"No","No",29.9261393752853,386
"No","No",72.3498039068538,427.2
"No","Yes",154.729082218689,71.5
"No","No",8.38118617143433,363
"No","No",0,218.1
"No","No",89.6232261615352,445.6
"No","No",72.4613528852104,309.8
"No","No",2.46670816524708,455.4
"No","No",80.7250011249625,270.7
"No","No",129.223461769743,535.6
"No","No",91.5019173033562,485.6
"No","No",93.2526644200708,409.7
"No","Yes",102.628693176202,127
"No","Yes",84.0024537771756,199.8
"No","No",58.7304717411362,218.4
"No","Yes",117.500801869166,240.3
"No","No",84.3107792284012,412.4
"No","Yes",47.7013375012443,110.2
"No","No",60.803068456316,330.3
"No","No",106.009435424969,385.5
"No","No",92.3559839133248,360.3
"No","No",101.727207473508,337.4
"No","No",125.736843696394,477.3
"No","No",87.8078197703312,520.1
"No","No",111.467855690847,327.2
"No","No",13.2702126837944,334
"No","No",91.8189488625437,410.2
"Yes","No",131.622802262918,315.2
"No","No",70.2582997036732,358
"No","No",122.004407456486,401
"No","No",35.3084227245609,419.7
"No","No",30.1634889603282,449.2
"No","No",56.5179077941139,325.9
"No","No",74.2237856610343,405.3
"No","Yes",119.789013971923,185.2
"No","No",44.1414919126056,248.5
"No","No",58.8981435633625,226.1
"No","No",20.5582301731892,328
"No","No",8.33216373074224,429.3
"No","Yes",45.3094257948414,226.6
"No","No",117.924903897904,468.8
"No","Yes",87.6903973150704,170.4
"No","No",21.9789679137294,409.5
"No","Yes",82.5371872304542,194.5
"No","Yes",91.1865436132586,185.5
"No","No",62.3189692094559,419.9
"No","No",0,411.5
"No","Yes",115.688986969656,198.8
"No","Yes",72.0162753213128,97.8
"No","Yes",60.3341786084516,207.5
"No","Yes",9.09766443716634,262.7
"No","No",108.490339677297,439.3
"No","No",116.613034203813,474.3
"No","No",56.0726810735124,602.3
"No","No",9.78795493966979,334.2
"No","No",126.963635667887,340.2
"No","Yes",103.973296892043,235
"No","No",79.358160839142,358.6
"No","No",159.938947065839,318.6
"No","Yes",104.7684826693,186.6
"No","Yes",109.47831680653,121.6
"No","No",24.0915516491988,342.6
"Yes","No",104.202936255471,466.9
"No","No",74.8117992126694,387.4
"No","No",38.6681514117725,571.5
"No","No",38.1871916201996,369.8
"No","No",53.2959730144731,425.8
"No","No",96.9060342968309,326.2
"No","No",81.1266458513466,386.3
"No","No",47.921640494811,446.5
"No","Yes",39.0487415049634,174
"No","No",69.0990057488151,681.8
"Yes","No",138.452031943302,264.3
"No","Yes",60.0011065955864,176.7
"No","No",61.4147250563843,240.9
"No","Yes",124.696757668508,147.7
"No","Yes",67.2181263348901,190
"No","No",68.1898882512065,351.2
"No","No",4.21216986126804,382.9
"No","Yes",69.5211396898418,238.2
"No","No",15.0323682519167,572.6
"Yes","No",168.398006616782,344.5
"No","Yes",61.3310372540275,266.6
"No","No",51.1568292830828,316.3
"No","No",84.3072792549809,266.2
"No","No",46.6525997118464,439.3
"No","No",102.079998688926,448.4
"No","No",146.62635074108,393.5
"No","No",105.511987983938,539
"No","No",126.096665615564,403.7
"No","No",38.4632895244258,466.6
"No","Yes",71.8607400899798,159.6
"No","No",83.9073827533098,246.8
"No","No",123.720966366376,397.1
"Yes","Yes",163.505054723552,189.4
"No","No",120.114769907479,405.5
"No","No",58.9138045642019,431.6
"No","No",64.0237509205597,210.4
"No","No",40.1718009017486,398.5
"No","Yes",10.1886234726451,125.4
"No","No",93.1554162391649,472.2
"No","Yes",112.544508514753,185.2
"No","No",98.7564233550364,297.6
"No","No",112.357831936826,267.7
"No","No",53.9061170303061,390
"No","No",49.0329373248724,356.5
"No","Yes",94.54631222442,175
"No","Yes",107.261765833274,190.6
"No","No",52.9889557790014,298.4
"No","No",15.8641599019285,287.9
"No","No",89.4260993157917,369
"No","No",106.446978476666,343.3
"No","No",45.9159069945688,510.7
"No","No",110.606445045527,379.8
"No","Yes",13.6474656934499,140.3
"No","No",96.7711741700029,424.5
"No","No",85.1185587081012,486.6
"No","No",97.3537183972984,188.4
"No","No",65.36847243482,223.4
"No","No",70.6882802966943,450.9
"No","Yes",36.5535340358323,258.4
"No","Yes",60.3431163501449,189.3
"No","No",72.5337377107701,391.5
"No","Yes",26.7849959331433,196.7
"No","No",0,549
"Yes","No",160.969233366271,423.1
"No","No",74.1825968783291,363.3
"No","No",56.242031285412,468.4
"No","No",92.6443841771655,414
"No","No",39.0381926829439,405.8
"No","No",63.0970431864282,217.3
"No","No",0,494.6
"No","No",54.3639123301455,521.2
"No","No",75.2754465243167,342.2
"No","No",16.1994459956679,377.3
"No","No",24.3088014875558,635.7
"No","No",20.2008641807821,330.1
"No","No",0,395.8
"No","No",149.082620653655,546.6
"No","Yes",63.7326284448795,272.9
"No","No",30.2255948045135,448.9
"No","Yes",68.3292192056813,219.8
"No","No",96.9268117831979,381.7
"No","No",2.54384602357193,354.1
"No","Yes",70.5768086909818,213.5
"No","No",36.3748216049777,359.8
"No","No",108.177290148713,382.2
"No","Yes",96.051911214515,259.5
"No","No",35.9435844090534,554.6
"No","No",139.748961283876,424.1
"No","Yes",122.642002084859,170.8
"No","Yes",147.340403785266,236.9
"No","No",98.8477841109531,402.4
"No","Yes",63.954742118766,187.9
"No","No",65.6411782578224,505.4
"No","No",115.583505124031,422.2
"No","No",43.5796415022331,373.4
"No","Yes",56.6433008915727,207.6
"No","No",88.8521676799679,502.9
"No","No",0,497.9
"No","Yes",61.5516244244044,168.7
"No","No",65.0204519417614,426.9
"No","No",13.5458159005695,418.5
"No","No",0,475.9
"No","No",50.6348970623246,281.2
"No","No",52.5328957590883,248.5
"No","No",101.475259690676,363.6
"No","Yes",30.6787975791881,213.4
"Yes","No",178.590839578856,366.4
"No","No",123.867658825624,518.8
"No","No",119.22391779093,325
"No","No",68.0895084255567,491
"No","No",53.6613426251934,560.2
"No","No",74.3268085020119,424.7
"No","No",123.910649215613,301.5
"No","No",89.9439678784176,394.6
"No","Yes",95.2627195419447,147.4
"No","No",13.1334439156596,444.8
"No","No",83.6527797684424,553.6
"No","Yes",52.6393824847004,199.4
"No","No",101.448296013761,418.7
"No","No",98.7897253480662,642.1
"No","No",61.2606226372797,403.5
"No","No",10.5608593883775,359.7
"No","No",0,420.1
"No","No",54.8059888027309,381.6
"No","No",40.7798525052325,362.1
"No","No",68.651337295039,426.7
"No","Yes",0,242.8
"No","No",5.20426516451231,448.4
"Yes","Yes",168.625497263428,215.3
"No","No",68.3921312490762,359.5
"No","Yes",131.161928887502,238.8
"No","No",67.3339386338113,527.8
"No","No",41.4510774863915,423.6
"No","No",117.734003054073,478.9
"No","No",59.9953411599197,250.1
"Yes","No",101.072782677837,489.8
"No","Yes",45.379602860042,219.3
"No","No",10.1219077500277,385.1
"No","No",103.627427440976,324.7
"No","No",79.9127574049664,363
"No","No",123.571190448475,268.6
"Yes","Yes",171.503365521987,177.6
"No","No",0,168.3
"No","No",27.6151952323474,314.5
"No","Yes",85.1932673145213,144.6
"No","Yes",129.624593270016,148.2
"No","Yes",0,192.8
"No","Yes",0,134.1
"No","Yes",46.9328660059855,229.9
"No","No",69.1512339608593,546.6
"No","No",97.613861831713,410.2
"No","Yes",53.2575094673628,123.9
"No","No",15.762321022418,535.5
"No","No",0,465.8
"No","Yes",63.1324869354133,159.7
"No","No",53.0729459249642,329.8
"Yes","Yes",173.168072895904,130.3
"No","Yes",160.756284160249,104.1
"No","No",36.098668196342,284.9
"No","No",75.6125566430098,269.7
"No","No",108.780032403667,408.7
"No","No",94.1546215529392,451
"No","Yes",26.0284969641413,173.2
"No","No",32.7869041139169,321.1
"No","No",62.6345510586371,384.2
"No","No",113.783916350863,356.2
"No","No",46.2675001202838,305.5
"No","No",110.477712112411,461.5
"No","No",51.0761177776471,544.3
"No","No",43.2820137102099,547.9
"No","No",40.5474992593831,413.8
"No","No",98.8815610382504,393.1
"No","No",25.4904935735371,288.4
"No","No",41.3091552011176,396.3
"No","No",84.4860176904836,240.9
"No","No",31.1728904920303,453.5
"No","No",75.4795988864576,332
"No","No",21.5441442519608,478.4
"No","No",65.3085347536113,367.2
"No","No",98.0385468869786,502.4
"No","No",59.2722915143013,550.9
"No","No",15.5775142458214,550.4
"No","No",30.6807666166381,384.6
"No","No",85.0354648534579,429.6
"No","No",116.370705552226,490.4
"No","No",92.8246117247814,582.3
"No","No",112.633626575869,443.6
"No","Yes",120.09309490898,217.9
"No","No",111.922732719361,231
"No","No",93.1996040429759,457.2
"No","No",0,225.4
"No","No",38.5267521347558,229.9
"No","No",66.0367550997266,243.9
"No","No",106.375563550491,382.2
"No","No",24.0060479781099,386.5
"No","Yes",40.5698153400487,205.5
"No","Yes",70.8406760059409,102.6
"No","Yes",48.0707740951471,131.2
"Yes","No",117.784860109333,232.3
"No","No",97.2395135969903,347
"No","Yes",108.828257069084,90.8
"No","No",101.566714938217,251.2
"No","No",113.201334449284,425.3
"No","No",29.6591904095209,615.1
"No","No",104.587667497969,239.4
"No","No",42.2049366986375,351.3
"Yes","Yes",153.603137331588,221.7
"No","No",74.9541106860832,380.2
"No","No",52.6160438686235,529.8
"No","No",81.4757239123545,528.7
"No","Yes",29.4689321360714,212.7
"No","Yes",67.9060569261663,247.4
"No","No",81.5737310853148,422
"No","No",39.2705954047656,477.1
"No","Yes",115.318763370384,217.2
"No","No",59.4073538065768,448.6
"No","Yes",56.5164710763194,170.2
"No","No",26.5987993428432,396
"No","Yes",0,197.5
"No","Yes",168.270553783042,147.6
"Yes","No",138.776800643061,416.5
"No","No",107.028275957117,453.8
"No","No",57.126035905201,183.5
"No","No",78.7094455071046,416.7
"No","Yes",84.9340202156206,182.4
"No","No",38.4087925295662,585.5
"No","Yes",115.04143036611,179.1
"No","Yes",29.8626845838038,51.2
"No","No",2.74483081913169,359.6
"No","Yes",99.6649665555777,152.1
"No","No",34.3446873312658,446.5
"No","Yes",58.0187003505208,177.4
"No","No",152.938114434353,387.9
"No","Yes",129.413156427471,151.8
"No","Yes",50.9248761477919,156.3
"No","No",44.0474825793686,403.8
"No","No",14.5665724401414,582.2
"No","No",100.552329362876,406.9
"No","No",60.6813214117973,488.9
"No","No",7.30974679463626,273.6
"No","No",53.6951225360986,338.9
"No","Yes",63.561812686404,206.8
"No","No",12.2639907975791,447.5
"Yes","Yes",174.258584674789,155.7
"No","No",86.8508891266293,507.5
"No","Yes",107.868535004422,141.9
"No","Yes",95.8355821191643,181
"No","No",88.0380959903103,284.9
"No","No",25.764016765485,455.6
"No","Yes",25.6106334154744,244.4
"No","No",2.29994400825377,227.2
"No","Yes",101.249182360798,251.2
"No","No",118.888294939805,301.2
"No","No",0,482.7
"No","No",29.1471512089443,298.2
"No","Yes",77.7986333385435,176.6
"No","No",86.8128040323772,367.6
"No","No",25.5433950930603,184
"No","No",45.4009130591062,493.5
"No","Yes",74.8298032140601,211
"No","No",19.9186926145617,235.1
"No","No",125.309400791199,228.1
"No","No",104.98509576771,455.5
"No","No",77.6626751165412,405.2
"No","No",55.2377876802741,525.4
"No","No",33.8675964392556,308.9
"No","No",95.5626476255753,516.7
"No","Yes",138.754927093765,73.6
"Yes","No",180.207800782452,320.9
"No","Yes",71.5904812789982,131.7
"No","No",94.408255287183,278.7
"No","No",77.4581068186044,335.9
"No","Yes",116.338649237631,139.8
"No","No",120.38846528919,436.3
"No","No",0,294.8
"No","Yes",85.7703649777051,159.4
"No","No",94.7281466793729,411.6
"No","No",112.072698023324,335.7
"No","No",45.1137267047541,490.7
"No","No",49.4804355230941,465.8
"No","Yes",89.1025616968894,172.2
"No","No",84.8729620806314,512.6
"No","No",88.9025618433557,378.2
"No","No",7.36690914960468,276.3
"No","No",19.5115764160434,314.9
"No","No",24.6108484951189,387.2
"No","Yes",105.108087034036,240.6
"No","Yes",62.601237792913,214.1
"No","Yes",120.339407213932,140
"No","Yes",41.1204599081507,176.1
"No","No",113.98069757012,302.7
"No","Yes",157.140047161479,180
"No","No",0,374.1
"No","No",54.3720170588246,226.4
"No","No",31.624985371866,556.3
"No","Yes",42.0757881371428,199
"No","No",69.9923340540945,526.9
"No","No",68.8096236945874,471.6
"No","No",66.9009099395436,250.1
"No","No",127.667923456632,428
"No","No",52.4970629334846,282.4
"No","No",67.1529376576058,413.4
"No","Yes",28.7009754530515,100.6
"No","No",0,266.3
"No","No",68.6126356651124,445.1
"No","No",90.4475406381598,318.2
"No","No",37.5019144809762,616.6
"No","No",100.186233510011,335.6
"No","No",76.3473572541005,287.6
"No","No",88.4508059696224,285
"Yes","Yes",190.109927665534,203.3
"No","Yes",109.968184862757,269.2
"No","Yes",71.6922753056681,221.7
"No","No",0,419.3
"No","Yes",14.0261836600214,245.1
"No","No",22.9650629762202,394.8
"No","No",94.1153217414573,530.8
"No","Yes",154.077567346278,194.5
"No","No",137.734686184001,329.3
"No","No",38.1714430353334,455.7
"No","Yes",157.126652608486,181.5
"No","No",0,412.3
"No","No",1.31976429683988,323.2
"No","No",0,472.1
"No","No",74.4443980788262,401.8
"No","No",133.08291497751,422.8
"No","Yes",117.411305158725,158.2
"No","No",118.920175659324,458.5
"No","No",101.642224030213,279.1
"No","No",89.5319758224844,406.2
"No","No",42.8530866961363,490.1
"No","Yes",103.080492006082,180
"No","Yes",117.660655294984,203
"No","No",104.00210345727,572.6
"No","Yes",82.1803522298143,229.9
"No","Yes",112.60791991511,146.5
"No","No",142.801889822478,258
"No","No",74.6461324754513,550.8
"No","Yes",75.7504255676863,212.5
"No","No",87.4300798099765,236.4
"No","No",43.4278736348077,464.8
"No","Yes",57.4967524891442,142.1
"No","No",110.477804475941,573
"No","No",65.5913279049659,370.3
"No","No",103.405158850796,520.6
"No","No",102.885088862121,345.4
"No","No",54.5958274317433,386.3
"No","No",89.1274300987245,464.7
"No","Yes",71.9277673593026,187.6
"No","No",102.942137806968,383
"No","Yes",110.569099451469,201.1
"No","No",66.0011631559583,311
"No","No",0,358.2
"No","No",96.9103472554705,336.7
"No","No",54.2251629654197,264.6
"No","Yes",38.4063035819795,156.1
"No","Yes",110.562459473321,120.6
"No","No",21.8383155706602,351.3
"No","No",96.2656868483092,341.4
"No","No",120.17557884386,506.5
"No","Yes",102.442714138464,116.7
"No","No",31.8669528809957,425
"No","Yes",129.801724785045,200.4
"No","Yes",89.5388697949685,221.3
"No","No",126.535481168925,341.3
"No","No",50.7832182686681,306.2
"No","Yes",109.438145401104,173
"No","No",67.6176148556933,320.7
"No","No",75.3947917796429,416.5
"Yes","No",189.979003435457,282.4
"No","No",31.573852931188,309.5
"No","No",93.6243751461415,300.7
"No","No",0,413.7
"No","No",0,348.4
"No","No",0,326.1
"Yes","Yes",187.939168113494,193.5
"No","No",63.7037330162927,494.7
"No","Yes",180.486521038641,204.7
"No","Yes",105.730978734681,242.7
"No","No",69.9724550415374,428.9
"No","No",75.3268361310777,428
"No","Yes",91.9564394132379,139
"No","No",76.693921564319,381.1
"No","No",142.642738180058,278.9
"No","No",85.1226199528895,108.4
"No","Yes",78.1727340633915,182.2
"No","No",92.9437457253552,315.2
"No","Yes",96.1773398499732,112.4
"No","No",52.4682008350715,477.2
"No","No",84.6881150397884,333.3
"No","No",152.212313925491,352.9
"No","Yes",124.893492995098,166.1
"No","No",22.3401232007131,516.6
"No","No",118.722053365686,392
"No","Yes",88.4039398801063,142
"No","No",23.6244242096404,322.8
"No","Yes",52.0107950663412,244.4
"No","No",36.5181892264933,373.3
"No","No",5.26558313791726,341.6
"No","No",91.0152838518153,371
"No","No",142.139608862185,429.9
"No","No",83.076791551579,358.6
"No","Yes",116.174029054555,135
"No","No",13.6641082934032,368.1
"No","No",80.6448357720519,472.7
"No","No",95.1802277020339,416.9
"No","No",0,300.5
"No","Yes",88.3739999120431,142.1
"No","No",74.4128615771505,442.3
"No","No",56.7766580613224,523.5
"No","Yes",190.028105680982,179
"No","No",116.179953615285,451.6
"No","No",20.0806860213236,545.3
"No","Yes",2.72339017947055,162.5
"No","Yes",38.9167618660533,162.6
"No","No",82.1582727255422,522.1
"No","Yes",81.5193809584951,272.8
"No","No",143.373729979218,405
"No","No",0,478
"No","No",103.574922993848,444.2
"No","Yes",92.517989312431,137.4
"No","No",41.9729757299443,455.7
"No","No",81.8060355677291,481.6
"No","No",111.426763146338,378.8
"Yes","No",95.0030350955695,449.2
"No","Yes",127.081392425955,125.5
"No","Yes",112.544974041854,124.2
"No","Yes",100.457835521834,101.6
"No","Yes",71.7184332016421,179
"No","No",46.2615579295413,397
"No","Yes",93.6150632932255,163
"No","No",37.5687357270679,373.2
"No","Yes",55.4241959318466,130.7
"No","Yes",89.5159615506762,213.9
"No","Yes",16.9188525548586,247.2
"No","No",27.5924152500996,561
"No","No",86.3264255758911,334.1
"No","No",115.447438738613,486.8
"No","No",92.3557895333107,384.9
"No","No",87.1462315471823,257.4
"No","Yes",72.6663221847844,178.9
"No","Yes",63.7743322224982,80
"No","No",100.677549518742,439.4
"No","No",34.1678451562618,413.1
"No","No",89.7733323008865,203.3
"No","No",58.1315631594639,411.6
"No","Yes",109.776913318369,162.8
"No","No",71.5248798792462,528.7
"No","Yes",128.533543680215,226.9
"No","Yes",93.7963170641272,102.1
"No","No",36.7486743694612,339.2
"No","No",84.0073051757805,352.8
"No","No",106.230990947076,395
"No","Yes",100.876021430976,157
"No","Yes",53.2042778836764,148
"No","Yes",70.6122427477581,173.5
"No","No",47.4022028548124,308.5
"No","No",0,287.1
"No","No",80.7156178237889,373.1
"No","Yes",84.0161817532446,141.2
"No","Yes",0,148.7
"No","Yes",33.9237139544225,201.2
"Yes","No",159.313748094379,483.3
"No","No",6.80998120708839,272.8
"No","No",0,395.9
"No","No",94.1165046775218,554.1
"No","Yes",88.2400501025809,182
"No","No",61.7768226421266,367.2
"No","No",85.9551930365513,377.1
"No","No",26.7921822108435,514.2
"No","No",49.7480421924012,403.4
"No","No",105.430392826401,536
"No","Yes",103.81480045502,205
"No","No",0,310.1
"No","No",34.7263307705477,273.3
"No","Yes",10.2889898050477,126.7
"No","No",8.09736840547475,424.5
"No","No",109.565828659725,517.2
"No","No",17.9482101002432,279.2
"No","Yes",139.167066344774,103.5
"No","Yes",159.952594818489,211.3
"No","No",84.3654470279771,385.1
"No","No",37.3500070776855,343.3
"No","No",147.89204824791,537.5
"No","Yes",0,259.8
"No","No",111.5724254402,338.8
"No","No",23.7441750733008,165.2
"No","Yes",119.266572934453,195
"No","Yes",116.913070314706,202.1
"No","No",0,508.6
"No","No",0,245.7
"Yes","Yes",152.085007502587,105.9
"No","No",11.9032462121332,284.9
"No","Yes",56.2422838569149,178.5
"No","No",66.1249664592785,400.9
"No","No",93.8755218488325,509
"No","No",85.4497138925682,298.5
"No","No",39.4698545692239,365.5
"No","No",142.929867789623,261.3
"No","No",74.1447885235069,251.1
"No","Yes",39.4957283023158,196.3
"No","No",72.7900061713821,400.9
"No","No",78.5096883117557,437.3
"No","No",102.768857863067,484
"No","Yes",85.625606743232,96.8
"No","Yes",120.873719328112,225.7
"No","No",92.2556183856391,352.6
"No","Yes",80.1967356783566,178
"No","No",135.024579249213,463.9
"No","No",20.6683654462701,403.7
"No","Yes",96.3743662492779,194.5
"No","No",60.7693375583778,179.9
"No","Yes",108.471850371131,181.4
"No","No",96.8357786101648,329.1
"No","No",58.7965713688924,589.6
"No","Yes",146.835799580661,154
"No","No",26.4474958372138,229.6
"No","No",0,473.3
"No","No",0,326.3
"No","Yes",70.2773726495698,182.3
"No","Yes",12.0380804489716,204.1
"No","No",71.7101617880556,573.9
"No","No",43.0957498934469,443.4
"No","No",120.141343836487,480.1
"No","No",0,322.5
"No","No",63.1178963635471,383
"No","No",22.9204259243352,494.8
"No","Yes",105.854345166776,228.7
"No","No",0,628.9
"No","Yes",78.5914485764696,177.5
"No","Yes",126.280868057358,119.6
"No","No",30.2341289874542,587.5
"No","No",21.4997943292837,301.7
"No","No",134.531901186935,476.8
"No","No",54.6286994242961,243.7
"No","No",126.83448071365,378.5
"No","Yes",81.3987689727862,190.5
"No","Yes",71.4166456286062,154.7
"No","Yes",72.4394334454582,166.8
"No","No",30.4712023229147,321.5
"No","No",44.4122396107423,516.9
"No","No",52.3402566055395,308.6
"No","Yes",73.4297946155087,100.6
"No","No",0,326.6
"No","Yes",70.3221318461201,192.8
"No","No",68.0192007708703,529.4
"No","Yes",94.5829483118833,173.8
"No","No",84.0901662891824,444.4
"No","No",119.688638100504,414.2
"Yes","Yes",137.408689378587,183
"No","No",33.8662021422167,388.6
"No","Yes",104.799047420554,236.3
"No","No",65.2893958078786,345.2
"No","No",31.0772064795749,489.4
"No","No",111.209781755779,519
"No","No",74.2863408872293,367.2
"No","No",138.814235248388,374.9
"No","No",140.830053853367,457.3
"No","No",99.0859964429551,475.3
"No","No",137.94284518089,262.4
"No","No",132.628309399002,467.3
"No","No",48.8162389885287,416.5
"No","No",50.0417162042372,376.4
"No","No",53.0264204245321,344.7
"No","No",23.8213685484856,273.6
"No","No",55.1077802937834,373.3
"No","No",18.3120042830381,377.7
"No","No",90.0651418384372,363.6
"No","No",0,381.3
"No","No",26.0477275774857,437.1
"No","Yes",86.2574444308098,222.1
"No","Yes",56.7139646233395,186.2
"No","No",83.9247328180627,369.7
"No","No",62.9540763942888,461.7
"No","No",50.6539330596298,370.7
"No","No",83.60989685896,442.8
"No","No",90.1330542163514,346.3
"No","No",81.2153804044197,434.9
"Yes","Yes",181.287761046091,144.4
"No","Yes",142.669624737481,178.6
"No","Yes",0,200.7
"No","Yes",107.069519606235,140.4
"No","No",68.4754361551944,355
"No","No",0,356.5
"No","No",0,475.6
"No","No",87.8142591504456,489.4
"No","No",47.6176361974764,296.9
"No","No",86.1752449714639,462.8
"No","Yes",40.5788012706738,190.8
"No","No",0,669.2
"No","No",3.41726843992954,335.8
"No","Yes",65.1799297658301,135.9
"No","No",98.6465855663458,345.6
"No","No",133.697781593148,354
"No","Yes",1.08516654472721,199.1
"No","No",51.2973279496826,401.8
"No","No",74.599521041283,310.2
"No","Yes",51.5365181563813,209.1
"No","Yes",24.4162624939627,154.2
"No","No",131.511811397955,422.7
"No","Yes",36.1875377626296,240.9
"No","No",27.5373542025831,442
"No","No",84.0562105314349,283.5
"No","Yes",128.945721953373,210.3
"No","No",103.881922465985,269.8
"No","No",71.2652423851442,612.8
"No","No",41.9639432831299,284.2
"No","No",58.963886473218,303.9
"No","No",53.1902822413066,555
"No","Yes",69.8226875494951,115.6
"No","Yes",39.3613023174644,170.7
"No","No",79.0811604617594,540.7
"No","No",110.76830453241,380.8
"No","Yes",115.046958665091,265.7
"No","No",17.4879150067508,299.3
"No","Yes",63.1368747002503,183.1
"No","No",92.088153374163,521.1
"No","No",1.14980850887104,462.8
"No","Yes",73.5933781401526,213.4
"No","Yes",62.6883356512926,207.5
"No","No",107.74840882129,450.7
"No","No",21.3782221301387,415.1
"No","Yes",84.0668776393856,260.3
"No","No",42.2400056781269,580.7
"No","No",26.0359879243831,339.6
"No","No",52.8299615135655,402.3
"No","No",6.77329370806542,500.5
"No","Yes",113.098202177909,168.1
"No","No",24.9299544379265,302.6
"No","No",102.865094023855,404
"No","Yes",108.349738348892,233.8
"No","Yes",64.8752804309263,228.9
"No","Yes",104.89380452023,143.9
"No","No",17.5411497253297,413.1
"No","No",89.4605318812225,565.3
"No","No",139.26922696704,371.2
"No","Yes",74.6190860334614,257.7
"No","Yes",61.1560239898844,105.4
"No","Yes",107.306768291158,181
"No","No",84.5168162328611,505.3
"No","Yes",74.7454042941346,213.8
"No","No",26.2363562734701,632.9
"No","No",104.913574149047,347.2
"No","No",102.379353146971,578.9
"No","Yes",123.90988662462,185.4
"No","Yes",91.6517927145667,180.2
"No","No",133.980137124328,307.7
"No","No",113.667791628655,351.2
"No","No",77.9087304130405,250.2
"No","No",98.3694980598391,515.2
"No","No",62.2262194084381,374.7
"No","No",93.9813774021505,339.5
"No","Yes",11.6905263150971,144.9
"No","No",54.4928136070503,392.9
"No","No",126.727475095331,335.9
"No","No",68.6235030433582,296.2
"No","No",117.138878795048,298.1
"No","No",2.42848428245786,516.6
"No","No",5.85285797719867,323.3
"No","Yes",99.770522571199,161.5
"No","No",120.533239850356,443.7
"No","No",47.3503304267127,381.2
"No","Yes",79.649640970036,140.4
"No","No",49.0315578039587,191.1
"No","No",58.0586468471435,352.7
"No","No",89.8438592948403,312.4
"No","Yes",134.527855015518,133.9
"No","No",124.075537249544,383.7
"No","No",70.6512846562948,458.7
"No","No",25.4594985869949,432.6
"No","Yes",49.0098892104848,203.2
"No","Yes",63.8016024070692,167.9
"No","No",34.1662036389416,399.5
"No","No",103.660219989664,401.7
"No","No",80.7193716991802,471
"No","No",108.269577851534,427.6
"No","No",19.3554337160656,450.8
"No","Yes",95.8795818888035,125
"No","Yes",5.170619953404,236.4
"No","No",59.8359810470376,176.2
"No","No",56.4753273715512,386.7
"No","Yes",33.2201706623528,220.2
"No","No",69.1411287810633,584.8
"No","No",81.0928242061371,438
"No","No",97.0926402767114,482.8
"No","No",0,501.3
"No","Yes",162.454853384495,200.7
"No","No",88.2575051263142,309.4
"No","No",51.347780663932,417
"No","No",132.472111104281,476.2
"No","No",91.1275298472221,346.3
"No","No",69.4225043057094,229.8
"No","Yes",50.7122698847825,197.6
"No","No",114.671940798433,385.1
"No","No",70.8253390096537,257
"No","No",73.3741752699098,367
"No","No",90.7582687802657,520.9
"No","No",0.604440049790164,401.5
"No","No",0,551.6
"No","Yes",66.6036074118959,198.7
"No","No",82.7978570659404,506.1
"No","No",71.8972162105709,438.5
"No","No",30.7537792687889,569.7
"No","Yes",95.0730869770462,144.9
"No","No",66.1211588786025,390.2
"No","No",94.4059169569673,309.5
"No","No",46.63876827803,337.7
"Yes","Yes",133.650448188319,158
"No","Yes",149.857313537989,143.8
"No","Yes",112.559400730813,64.7
"No","No",120.432977367641,342.5
"No","No",33.5600103860149,506.7
"No","Yes",63.1713472693008,113.6
"No","No",37.5042192266708,427.2
"No","No",0,416.6
"No","No",97.0049753424922,433.6
"Yes","No",103.788054563127,503.4
"No","No",129.797204066806,431.6
"No","No",52.016136812789,355.2
"No","No",42.2421782805815,359.8
"No","Yes",143.966062178793,125.6
"No","No",105.523477353018,333
"No","No",111.987989565366,309.6
"No","No",59.8777197402911,259.5
"No","No",137.715806444943,572.7
"No","No",20.5004803289277,289.3
"No","No",72.5783350282447,342
"No","Yes",159.020259654601,152.9
"No","No",46.6441422076316,452.8
"No","No",87.0835194258016,383.7
"No","No",74.5944220131693,442.6
"No","Yes",127.900340159667,276.6
"No","No",63.5807354457299,486.3
"No","No",65.7393809139507,360.9
"No","No",45.1938143237969,580.3
"No","No",38.7092487982099,489
"No","No",0,453.3
"No","Yes",26.2383337080801,116.8
"No","Yes",41.801035878036,146.5
"No","No",74.6604664577392,409
"No","No",125.346350362395,527.5
"No","Yes",126.199955367567,160.5
"No","Yes",11.4204650247017,170.8
"No","Yes",144.683494373511,106.2
"No","No",57.5199706825235,464.1
"No","No",104.032461123384,469
"No","Yes",65.740748099698,140.6
"No","No",46.829059507788,455.3
"No","No",56.2113541131601,388.8
"No","No",51.536292638944,605
"No","Yes",49.4448617032512,115.8
"No","No",99.0515576368209,334.7
"No","No",50.3034236965902,358.2
"No","No",52.701817224875,388.8
"No","Yes",98.673674591766,153.4
"No","No",39.8967024341437,295.4
"No","No",105.794557032926,407
"No","Yes",85.4823723956555,184.1
"No","No",126.739470888542,489.1
"No","No",19.3378006520404,269.8
"No","No",59.8437345453578,367.1
"No","No",73.9773276750641,459.6
"No","No",58.1058040001359,587.5
"No","No",47.5502358143803,649.3
"No","No",0,386.6
"No","No",103.801349235988,381.1
"No","No",106.003607039062,342
"No","No",38.7546444418688,395.1
"No","Yes",123.100849855859,171.7
"No","No",112.729726895451,272.3
"No","Yes",21.3803532242394,211.4
"No","Yes",29.068443878828,211.1
"No","Yes",52.9425093341111,178.8
"No","No",66.4055113849408,601.8
"No","Yes",108.516376186299,299
"No","No",23.7275584360474,376.2
"Yes","No",169.149318033746,460.8
"No","Yes",63.9004161206773,137.3
"No","No",45.1767226893453,560.8
"No","No",111.63843404221,376.5
"No","No",115.90834954989,389.2
"No","Yes",121.728751090369,112.9
"No","No",39.9867852570593,316.2
"No","No",87.3991285285045,303.9
"No","Yes",54.5205745681588,162.7
"No","Yes",99.9369889557578,203.5
"No","Yes",120.481909589376,262.1
"No","No",109.726939157351,507.3
"No","No",46.1108233175565,655
"No","Yes",159.903550282128,125.5
"No","Yes",88.1882689488329,190
"No","Yes",56.652414569302,194.7
"No","No",64.2849848309604,462.7
"No","No",45.540294844855,257.7
"No","No",50.1947642753976,413.5
"No","No",35.8890807249097,488.7
"No","No",38.2983457961778,292.5
"No","No",24.7973271889544,331.9
"No","No",107.015371016759,301
"No","Yes",70.6016003883537,87
"No","Yes",77.85827032765,108.5
"No","No",97.7691487201387,232.2
"No","No",122.326391706926,431.2
"No","Yes",114.226432886264,223.6
"No","No",56.6988845789188,456.5
"No","No",53.9504720058937,345.2
"No","No",0,278.9
"No","No",43.7685049508926,371.3
"No","No",22.115974771623,378.7
"No","No",100.702932585262,352.4
"No","No",111.477159579629,501.7
"Yes","No",140.591940893174,612.2
"No","Yes",94.0499614601304,168.7
"No","No",22.6047086906898,414.7
"No","No",93.6085988173947,317.5
"No","Yes",74.0197626174941,137
"No","Yes",97.27004005233,204.7
"No","No",20.0126693182382,253.9
"No","Yes",0,200.7
"No","No",31.4156777133656,367.5
"No","Yes",123.792112705108,217.4
"No","No",53.3969154965205,324.7
"No","No",45.8188327966183,457.6
"No","Yes",43.1784787779405,158.8
"No","No",58.8651588307367,358.1
"No","No",116.31857235886,293.8
"Yes","Yes",175.072392383611,177.4
"No","No",0,428.7
"No","No",114.835461903368,351.6
"Yes","No",169.040382656691,610.1
"No","No",0,410.4
"No","Yes",0,201.6
"No","No",154.773894464926,388.2
"No","No",31.6951581997361,347.3
"No","No",0,248.2
"No","Yes",52.4271333040107,240.2
"No","No",86.871949963784,288
"No","No",11.3234127796596,407.3
"No","No",63.5295470537374,481.8
"No","Yes",61.1811593498241,140.6
"No","No",126.936383037944,371.9
"No","Yes",56.8354347717426,212.8
"No","Yes",98.080584810986,209.4
"No","No",79.0956889999907,414.9
"No","No",84.7024688150885,206.2
"No","No",78.6429474710176,271.3
"No","Yes",136.430689695562,194.6
"No","Yes",23.7549982277888,284.5
"No","No",151.585160945774,465.9
"No","No",57.861308593542,396.6
"No","No",57.7312069858781,453.9
"No","No",88.6263714993906,247.8
"Yes","No",103.90013599169,303.7
"No","Yes",43.1064544631101,120.5
"No","No",54.9422428292218,544.9
"No","Yes",85.8971406687554,214.4
"No","No",41.5475639345186,247.2
"No","No",55.1025074811981,259.3
"No","No",116.736630860396,289.8
"No","No",11.0353930092899,283.1
"No","No",70.0146232584654,453
"Yes","Yes",189.17980755739,126.5
"No","Yes",29.0642247005533,169.9
"No","No",5.33978870020273,248.9
"No","No",143.484762409616,478.9
"No","No",48.5846136797003,272.4
"No","No",0,465.9
"No","Yes",52.3485978730887,184.5
"No","Yes",111.498933158538,138.6
"No","No",24.6810909966742,371.8
"No","No",55.5275876281173,574.8
"No","Yes",161.66030550238,189.2
"Yes","Yes",178.809704786426,186
"No","No",91.5614635004053,313
"No","No",120.697849264158,426.3
"No","Yes",33.5503827985961,160.4
"No","No",76.2670665493981,691.2
"No","No",38.9861334791503,278.6
"No","No",90.2676230415927,605.7
"Yes","No",171.222533053569,562
"No","No",41.4562137186049,340
"No","No",80.0964659038146,363.6
"No","No",14.6038307605737,427
"No","No",0,629.8
"No","Yes",118.889699332903,170.4
"No","Yes",137.988992012221,119.3
"No","No",29.4894952848602,447.5
"No","No",18.4168190818997,492.2
"No","Yes",83.0353877927,149.5
"No","Yes",151.999444923996,208
"No","No",111.832921765663,559.7
"No","No",31.0918794456257,388.4
"No","No",49.087627107023,480.1
"No","No",73.6384794484055,613.7
"No","Yes",98.7912286160968,109.7
"No","No",49.8062357351114,535.4
"No","No",139.539079459462,422.6
"No","No",0,494.7
"No","No",47.9740557810789,348.3
"No","No",13.6743849530867,494.1
"No","Yes",76.2800292154338,190.6
"No","No",69.734902949187,365.1
"No","Yes",113.189002189854,174.5
"No","Yes",94.5620695402645,185.9
"No","Yes",124.330774967306,158.4
"Yes","No",185.301624878154,344.9
"No","Yes",101.06952515024,240.1
"No","No",69.6926705359529,375
"No","Yes",66.3905142159608,129
"No","No",128.616316749757,511.5
"No","Yes",119.370365076319,193.2
"Yes","No",169.5162261096,411.7
"No","No",80.259817267113,432.4
"No","No",47.0154481089272,399.5
"Yes","No",132.551983494199,222.6
"No","No",91.2048338031327,271
"No","No",55.2006965575622,292.2
"No","No",89.6926674660982,348.9
"No","No",119.505573848432,514.4
"No","No",13.2998913208105,523.1
"No","No",24.908662083709,520.1
"No","No",77.4540322943188,493.1
"No","No",132.973094586014,563.6
"No","No",100.429446690623,433.4
"No","No",82.3412916647731,386.8
"No","No",27.7389125560469,433.8
"No","No",62.0222677468584,286.1
"No","No",41.3858131811764,178.6
"No","No",79.2883039382271,529.4
"No","No",0,374.6
"No","Yes",30.3381893108232,123.5
"No","No",64.4918794118473,434
"No","Yes",78.7995411028956,272.1
"No","Yes",154.460003549009,141.7
"No","Yes",59.705564820376,165.1
"No","No",77.9026968486409,367.1
"No","No",73.6732389693647,438.3
"No","No",134.358092411274,317.4
"No","Yes",0,191
"No","Yes",24.5312460570509,134.5
"No","No",99.7566748318857,451.5
"No","Yes",126.176861653927,111
"No","No",113.105670323694,441.9
"No","No",49.9526334682448,432.5
"No","No",55.1750226872201,454.6
"No","No",42.5969123892444,282.6
"No","No",101.951244771066,413.7
"No","No",60.6206387786777,567.6
"No","Yes",99.1609953664634,175.9
"No","No",30.2182900731436,381
"No","No",80.9324356274106,556.1
"No","No",42.8127831669304,111.9
"No","Yes",77.8791648013435,173.8
"No","No",120.527355544943,520.5
"No","No",95.632238056539,288.5
"No","Yes",124.869792430955,132.8
"No","No",67.6000003040835,244.7
"No","No",0.365939282758958,383.3
"No","No",17.3245227133492,387.9
"No","Yes",53.2145694106387,165.3
"No","Yes",95.0829131521091,186.4
"No","No",33.7748008454392,431
"No","Yes",51.9679206757513,151.8
"No","No",41.4534473920733,307.9
"No","No",18.1618916904744,636.4
"No","Yes",39.1435197354165,178.2
"No","No",100.401387089803,646.2
"No","No",71.9501485139228,360.8
"No","Yes",24.9553119918772,253.1
"No","No",33.7242226453755,157.4
"No","Yes",78.8527913123765,212.1
"No","No",43.6905666094512,380
"No","No",67.8437703695373,464.2
"No","No",159.181105953209,333.1
"No","No",0.895509581844014,376.7
"No","Yes",104.320562406314,176.4
"No","No",69.8471675861371,449.3
"No","No",44.8351324394758,204.8
"No","Yes",26.3117288093574,173.2
"Yes","No",118.64525179571,535.2
"No","No",28.0096214978678,434.4
"No","Yes",60.8361439678688,123.7
"No","No",39.5044330743374,466.1
"No","Yes",41.8797322088409,100.6
"No","No",8.76194279129988,253.1
"No","No",35.6241416185409,301.6
"No","Yes",62.362882607639,159.1
"No","No",112.802549949441,479.9
"No","No",10.3609737675518,307.7
"No","Yes",91.152140231188,157.4
"No","No",73.3449839177822,245.3
"No","No",52.3387796976214,396.2
"No","Yes",39.5392082263098,236.9
"No","Yes",53.2148252057988,213
"No","No",65.7341416006768,351.3
"No","No",50.1773083816328,471.4
"No","Yes",135.237368256613,238.8
"No","Yes",48.2982808406362,142.9
"No","No",52.1967115183551,314.7
"No","Yes",57.7814215623241,244.6
"No","Yes",81.3042258167597,171.4
"No","No",147.007659732993,434.8
"No","No",67.5428417062563,374.9
"No","No",174.136897203187,455.1
"No","No",39.8009319614837,276.3
"No","No",16.4353643393346,440.2
"No","Yes",102.308382853541,197.2
"No","No",72.8847990410186,349
"No","Yes",1.46169934130583,242.9
"No","No",68.0232213727086,649.7
"No","Yes",148.469174266195,156.1
"No","No",56.7668636920813,489.4
"No","No",11.1356940387767,500.6
"No","Yes",48.8226912930743,153.1
"No","No",114.513962833731,310.7
"No","No",54.3694246244746,361.5
"No","No",26.9068824382828,288.1
"No","No",45.4995704362092,321.5
"No","No",86.7685276301896,438.6
"No","No",4.11249229234502,425.3
"No","No",154.194526070416,580.8
"No","No",44.8364923254256,621.2
"Yes","Yes",194.053555481635,153
"No","No",122.256083861208,354.7
"No","No",73.6098479835006,473.6
"No","No",62.2149447195128,295.8
"No","No",82.7761522661618,404.4
"No","No",81.6204771628356,414.3
"No","No",117.916186033786,108.9
"No","No",23.6238511521383,458.3
"No","Yes",111.792149170717,198.9
"No","No",162.155222779292,540.5
"No","Yes",120.874752071003,257.3
"No","Yes",82.4492306922783,209.5
"No","No",129.277382576585,278.5
"No","No",2.85557248392082,387.9
"No","No",95.4496126604788,547.9
"No","No",77.8709039389839,500.8
"No","No",82.4852752628695,380.9
"No","No",20.9257147338479,403.9
"No","No",76.1078578196538,266.7
"No","Yes",125.169984575544,197
"No","No",29.3274879162183,207.1
"No","No",137.25029405366,325.1
"No","No",129.710815355821,593.6
"No","No",8.53946442550863,314.4
"No","No",81.7260890712485,444.7
"No","No",130.864099345182,434.4
"No","No",17.8339099175004,369.3
"No","No",75.1050453647657,395.1
"No","No",60.2638780585095,344
"No","No",4.10437128917464,420.3
"No","No",48.3385596942139,489
"No","Yes",118.152127553088,207.9
"No","Yes",88.4966399457258,125.3
"No","No",122.733487780004,434.1
"No","No",16.2726620550849,323.6
"No","No",47.1638741658226,351
"No","Yes",145.356577130281,157.6
"No","Yes",99.6618455580549,206.2
"No","No",70.0923257021356,457.7
"No","Yes",86.356559132185,214.1
"No","Yes",106.643718367861,174.5
"No","Yes",75.4637600750035,169.3
"No","No",53.2892818839604,529
"No","No",36.7228087237695,302.1
"Yes","No",133.994245595577,261.8
"No","No",0,278.9
"No","Yes",79.6727952443362,193.4
"No","No",57.2159588211202,348.9
"No","Yes",158.262204334678,145.7
"No","No",81.6629811065516,190
"No","No",45.3943400940629,386.1
"No","No",79.4200693941796,350.6
"No","No",33.746253287894,394.9
"No","No",0,415.2
"No","Yes",62.7313020375015,211.4
"No","Yes",6.0887451307635,110
"No","No",36.4733813257882,306.3
"No","Yes",58.3883298917583,199.2
"No","Yes",58.3094094563568,145
"No","No",111.836164265436,439.3
"No","Yes",48.8099990016073,195
"No","No",38.9622501717737,315.4
"No","Yes",130.929524724721,196.5
"No","No",76.4922448916739,431
"No","Yes",71.5911821057284,165.5
"No","No",73.8851003624412,361.6
"No","No",26.7044197032344,349.2
"No","No",34.0244244171486,383.5
"No","No",40.0987543734112,461.7
"No","No",33.8303288384384,390.6
"No","Yes",13.5148175475302,186.6
"No","No",136.707433005464,352.8
"No","No",142.197099720966,346.6
"No","No",69.2840743219768,525.5
"No","Yes",20.9483338682554,133.6
"No","No",83.289239150227,571.4
"No","No",0,345.6
"No","No",0.917799708154352,375.9
"No","No",128.853275207425,373.2
"No","No",81.3569302516682,503.5
"No","No",91.6194423925968,342.6
"No","Yes",66.5914232241424,193.3
"No","Yes",72.2653553787025,138.3
"No","Yes",71.0038866857376,234.4
"No","No",79.2432056981803,208.1
"No","Yes",51.6225560649261,185.6
"Yes","Yes",110.206755629011,148.6
"No","No",65.980149642321,486.8
"No","No",45.20735675115,458.4
"No","Yes",40.2762560649968,199.2
"No","No",34.6336122226088,369.3
"No","Yes",57.6366976178298,189.1
"No","No",95.2030543761158,423.6
"No","No",46.1254245823989,455
"No","No",88.7133734017988,237.2
"No","No",88.6128522387045,472.9
"No","No",36.8529674652991,424.5
"No","No",65.0108641018794,470.7
"No","No",1.00692638765619,435.2
"No","No",103.289098807103,467.9
"No","Yes",80.2471276511795,167.5
"No","No",92.3202748138232,349.1
"No","Yes",115.377609170541,231.9
"No","Yes",41.6970313237804,63.7
"No","No",18.0161360733896,371.9
"No","No",55.2986147408965,372.5
"No","No",98.5482646786737,518.8
"No","No",17.684309041995,586
"No","No",41.0395249368696,492.4
"No","No",105.293395534822,347.8
"No","No",66.6459859526298,432.2
"No","No",74.0408033996669,390.8
"No","Yes",70.0923159940249,224.3
"No","Yes",67.7555966272549,200.7
"No","No",46.6062727202973,531.2
"No","Yes",98.2383594338059,224.1
"No","No",153.815583384899,407.9
"No","Yes",73.9858036602034,182.6
"No","No",28.4216007739663,444.1
"No","No",95.0044089368693,355.7
"No","Yes",33.3906293316778,198.1
"No","Yes",84.0232743367367,177.3
"No","No",9.90962063827792,422.9
"No","No",71.1021683939797,329.2
"No","No",86.013051845087,292.2
"No","No",157.447905429462,307.6
"No","No",38.740460990093,322
"No","Yes",66.360696461324,128.8
"No","No",14.404228617482,436.8
"No","No",0,325.6
"No","No",123.7120629644,383.7
"No","Yes",29.9040637089982,161.2
"No","No",79.5406629333895,438.2
"No","Yes",161.581379812222,241.8
"No","No",74.792884612974,473.5
"No","Yes",73.4364827984236,151.6
"No","No",21.3165163659331,254.9
"No","No",83.147920932818,523.2
"No","No",20.6774310254562,111.5
"No","No",13.4268780659422,321.1
"No","No",108.207522125406,552.3
"No","No",127.81479033181,337.3
"No","No",17.2905980961858,287.4
"No","No",26.5814505435731,502.3
"No","Yes",83.5564852168766,219.1
"No","No",115.529156767903,471
"No","No",61.4629014037839,569.6
"No","No",108.084960372761,488
"No","No",52.6268682115416,502.5
"No","No",128.124104272942,355.3
"No","No",166.068246075247,486.8
"No","No",18.5263084546789,468.4
"No","No",55.3130129207825,321.7
"No","No",88.530718104778,526.9
"No","No",47.8706310286053,469.5
"No","No",61.472924505369,299.2
"No","Yes",121.941965796032,181.4
"No","No",58.2615840633965,377.1
"No","No",67.9630358789678,481.7
"No","No",148.140369328877,529.8
"No","No",126.414237899788,403
"No","Yes",106.504169351203,196.7
"No","No",55.0357422028846,169.4
"No","No",46.6163044837464,391.7
"No","No",46.0783277770597,395.4
"No","No",18.4282142804406,530.6
"No","No",75.5103745830598,430.2
"No","No",0,405.4
"No","No",14.0053453440141,414.2
"No","No",46.7929830644778,437.4
"No","No",85.7478730725164,286.6
"No","No",52.903484742971,240.7
"Yes","Yes",206.757098912205,213.3
"No","Yes",188.673247926903,187.9
"No","No",25.8739869900433,132.4
"No","No",104.890228667001,490.6
"No","No",0,442.3
"No","No",91.5560650794628,512.3
"No","No",9.61013797110113,337.6
"No","No",85.2168655911493,382.9
"No","Yes",73.2915461377173,172.5
"No","Yes",77.2844771932698,189.5
"No","Yes",10.49060029282,187.5
"No","Yes",105.122809072817,191.4
"Yes","No",119.52474390466,356.9
"No","No",36.268010326374,453.8
"No","No",80.9339535567497,422.1
"No","Yes",86.3667573414209,179.4
"No","Yes",86.0508315265031,117.8
"No","Yes",78.6266629493936,88.3
"No","No",67.9352481824504,416.2
"No","No",110.973243552005,494.8
"No","No",5.42838483289694,415.5
"No","No",122.705148326107,346.8
"No","No",108.214830446113,437.9
"No","No",44.0696275838099,139.8
"No","No",74.7884020809833,391.6
"No","Yes",82.5927504546863,41.4
"No","No",38.6338218461942,305.8
"No","No",108.017250261493,177.3
"No","Yes",86.7233401777164,215.9
"No","No",0,256
"No","No",63.5575339977596,372.3
"No","No",88.821499085896,220.6
"No","No",3.90885781068207,485.4
"No","Yes",0,184.3
"Yes","Yes",207.847155769053,193.4
"No","Yes",76.0301297805287,187.5
"No","No",66.5588061782026,439
"No","No",120.105522566604,334.9
"Yes","No",145.404640922498,443.3
"No","No",41.6369624703093,434.4
"No","No",55.042327529094,278.7
"No","Yes",108.429862422957,209.8
"No","No",0,286.6
"No","No",79.6735961009724,379
"No","No",37.7305922159174,326.4
"No","Yes",136.158655813342,173.6
"No","No",67.7400555486297,408.5
"No","No",78.6301203158383,379.6
"No","Yes",117.772528679221,153
"No","No",51.5437468747368,255.2
"No","No",73.8452049180551,580.7
"No","No",103.300201713289,519
"No","No",106.658226272738,440.5
"No","No",37.1854150273493,480.4
"No","No",123.132303992118,362.3
"No","No",87.8277651443454,253.4
"No","Yes",97.6121644199037,155.4
"No","No",44.4500373404881,447.7
"No","No",110.081809418302,378.8
"No","No",56.7243580586136,278.3
"Yes","No",191.212161898495,582.7
"No","Yes",10.0869524457572,210.7
"No","No",31.3737936629782,407.2
"No","No",72.4132369752016,494.8
"No","Yes",118.475973343548,137.7
"No","No",122.309263812732,568.8
"No","Yes",125.699676276361,166.8
"Yes","Yes",160.636203672376,291
"No","No",85.8882151117163,408.1
"No","Yes",89.8870070306274,219
"No","Yes",212.660196740357,78.3
"No","No",120.454447240559,357.4
"No","Yes",78.9268513010929,175.3
"No","No",52.8436186764979,370
"No","Yes",104.037456857507,135.8
"No","No",93.9817265230893,299.7
"No","No",35.5942645143972,432.4
"No","Yes",49.2322087478734,143.2
"No","No",105.944090260099,508.4
"No","No",62.1550736687743,381.4
"No","No",38.4270752607395,469.4
"No","No",34.5290598099786,400.6
"No","Yes",103.60218274085,273.1
"No","Yes",78.3866005353845,201.8
"No","No",66.9832456111131,487.6
"No","Yes",110.64304541756,183.3
"No","No",97.6882531934031,400.2
"No","No",81.8118738657889,283.3
"No","No",88.8225594570851,447.5
"No","Yes",66.0233631110308,155
"No","No",0,525.9
"No","No",91.112953423605,408.7
"No","No",37.7052959724569,460
"No","Yes",89.6829460366698,172.2
"No","No",36.5304366796665,365
"No","Yes",108.226501365998,159.9
"No","No",53.3423838383455,498.1
"No","No",159.07960388999,542.1
"No","No",65.595503375786,551.9
"No","No",80.4598800074911,353
"No","No",65.8640141756529,482.8
"No","No",116.96879122518,399.9
"No","No",59.4532351161914,420.8
"No","Yes",36.3813868608867,184.7
"No","Yes",42.9497017706989,305.9
"No","No",140.771747759809,365.1
"No","No",37.8498437569181,373.5
"No","No",0,532.7
"No","Yes",82.6520281261144,169.7
"No","No",54.9731757377677,381.1
"No","No",91.0998710469585,193.5
"No","No",129.96984875596,443.3
"No","No",110.042521509833,351.4
"No","No",55.3854112072191,434.7
"No","No",25.0173095893913,504
"No","Yes",59.9014444815573,138
"No","Yes",63.292964962565,176.3
"No","No",80.2500838079304,488.6
"Yes","Yes",197.33015751468,209.1
"No","No",107.799910882072,401.8
"No","No",73.8175190271746,334.2
"No","Yes",47.5060370808056,147.1
"No","Yes",116.475920580652,173.5
"No","No",42.8549465392027,335
"No","Yes",125.55557456478,215.7
"No","No",46.7148632085183,406.6
"No","No",98.4754066140709,421.1
"Yes","No",117.5259531957,365.5
"No","No",34.674610964747,202
"No","No",81.0209753879349,448.8
"No","No",61.1009167237148,331.9
"No","No",86.5503126478212,335.4
"No","No",116.905405712474,644
"No","No",9.17563150734104,458
"No","No",131.246443779971,328.6
"No","No",69.5199689659922,370.2
"No","No",101.891540698162,280.2
"No","No",102.271534831346,373.9
"No","No",59.4311810914414,311.5
"No","No",90.2747278977499,502.7
"No","Yes",119.794149348983,231.7
"No","Yes",132.956907067681,143
"No","No",73.754702024005,362.4
"No","Yes",18.6016843482128,179.7
"No","No",50.5159469653074,398.4
"No","No",72.5099120209413,366.1
"No","Yes",0,132.3
"Yes","No",146.455620907059,614.7
"No","No",26.2803791276841,365.4
"No","No",69.5568756987654,223.3
"No","No",30.5654132262924,584.1
"No","Yes",115.969751462672,162.9
"No","No",20.1086073081594,541.2
"No","Yes",129.729123220571,145.3
"No","No",46.9503131130685,492.8
"No","No",2.65796819958566,369.7
"No","No",114.715287800209,422.3
"No","No",23.9794496523137,338.5
"No","No",98.4764236443418,354.5
"No","No",32.1364546070893,375.8
"No","No",83.0903264464357,241.1
"No","Yes",135.156203133991,129.6
"No","No",86.3357442356572,413
"No","No",60.8912774273787,410
"No","No",81.4848803103546,236.8
"No","No",50.0109402404124,388.9
"No","No",27.0274052517628,437.9
"Yes","No",162.369020942532,146.6
"No","Yes",120.686840250412,110.7
"No","Yes",89.9297930537636,180
"No","No",79.0652982124241,296.4
"No","No",27.4740459337601,391.2
"No","No",134.662182889015,356.5
"No","No",0,398.6
"No","No",75.6008248114856,443.8
"No","No",52.4292240485841,587.6
"No","No",49.0805299735781,249.8
"No","No",64.4181405724731,359.4
"No","No",81.0988083922707,402.2
"No","Yes",140.78948670771,173.3
"No","No",84.478156869623,396.7
"No","No",17.7359364039596,217.5
"No","Yes",156.670732428724,115.6
"No","No",69.5154910476629,296.9
"No","Yes",157.684489350635,188.4
"Yes","Yes",194.354794616779,207.8
"No","No",61.9779838592373,359.2
"No","No",92.7044989486775,414.9
"No","Yes",132.595561018016,179.3
"No","No",21.1478085269245,446.1
"No","No",112.804632349295,346.5
"No","Yes",62.7152897734046,134.7
"No","No",0,457
"No","No",0,478.5
"No","No",44.4900071743361,420.5
"No","No",69.1807546399075,376.9
"No","No",55.6900289324107,520.7
"No","No",96.9993035137372,282.3
"No","No",88.4206167133405,455.4
"No","No",31.4110895766707,415.5
"No","No",37.1102107389977,693.9
"No","Yes",1.34940273614594,134.3
"No","Yes",171.376649640492,81
"No","No",2.09520269689112,428.1
"No","No",79.3762085428015,435.4
"No","No",125.031091322372,287.6
"No","Yes",80.9304215279672,203.3
"No","No",108.298767239899,475.6
"No","No",35.7710020456281,513.4
"No","Yes",163.451835419802,178.1
"No","No",5.94592360283166,431.9
"No","Yes",41.2370134858844,212.5
"Yes","No",148.889713516599,503.3
"No","No",62.7867360460521,383
"No","Yes",40.3957230393452,97.7
"No","Yes",160.209202971085,202.2
"No","No",57.8886335909628,465
"No","Yes",30.4083342237538,212.8
"No","No",101.01019345135,417.5
"No","Yes",75.9001484643669,209.5
"No","Yes",82.8729530699467,229.2
"No","No",91.4530338832933,470.5
"No","No",133.059137905217,481.3
"Yes","No",124.380158619913,403.7
"No","No",3.92336588056887,507.7
"No","No",69.1865253096172,367
"No","Yes",111.09139100031,164.1
"No","No",0,301.4
"Yes","Yes",204.062127199362,208.4
"No","No",60.2813518333386,330.1
"No","No",28.1347513364245,389.4
"No","Yes",50.2883764016722,154.1
"No","No",59.0600318200532,257.3
"No","No",6.42237371120558,353.7
"No","No",43.7254228003798,378.4
"No","No",118.601574024251,389
"No","No",60.9248462741372,454
"No","Yes",36.2725236347122,253.8
"No","No",11.6042715353063,445.6
"No","No",135.828488885607,526.8
"No","No",2.29174257962575,281.6
"No","No",62.1212286790802,484.7
"No","No",53.39872840091,365.8
"No","Yes",86.9025293047752,121
"No","No",61.8354791441691,477.1
"No","Yes",28.4961889881169,147
"No","No",98.1569040337549,388.7
"No","No",0,392.5
"No","No",112.099626526546,408.6
"No","Yes",141.949525129863,141.4
"No","No",0,317.4
"No","No",80.2472015753647,550.6
"No","No",107.142105015499,438.1
"No","Yes",124.607128535968,227.4
"No","No",100.25614319395,493.6
"No","No",21.045277492096,392.6
"No","No",36.8278318144497,494.2
"No","No",41.7679412549613,256.8
"No","No",82.2789418003421,278.2
"No","No",81.7939582631379,533.3
"No","No",66.6700655043902,480.4
"No","No",112.790827156484,419.3
"No","Yes",120.568248582903,174.3
"No","Yes",158.303176398854,248.2
"No","No",61.9317294462211,489
"No","No",0,333.1
"No","No",33.6354970009082,497.3
"No","No",86.8866591265866,394.5
"No","No",116.963524329232,311.5
"No","No",115.975053805433,154.7
"No","No",111.008560847953,419.3
"No","No",17.6656908277337,370.9
"No","No",35.2277625872264,277.5
"No","No",13.4256940866129,312.2
"No","No",96.7224834382286,527.6
"No","No",0,414.4
"No","No",8.9459586877743,246.9
"No","No",85.5879311553695,511.8
"No","Yes",94.0214651728295,90.5
"No","No",81.8299508316677,477.6
"No","No",62.4836538244942,353.4
"No","No",104.890546978031,301.7
"No","No",116.497529566234,436.1
"No","Yes",72.6223213838866,169.1
"No","Yes",89.982794615696,67.9
"No","No",67.0512839877016,455.2
"No","Yes",64.9322990569969,183.3
"No","No",97.5486891710304,535.8
"No","No",31.6269079318558,304.4
"No","No",116.561706761966,317.8
"No","No",0,402.6
"No","No",50.8385038739643,465.7
"No","Yes",93.0844891807129,296
"No","No",0,391.3
"No","No",57.1911158871449,292.2
"No","No",96.3597353797385,432.6
"No","Yes",109.05047832685,257.2
"No","No",84.8750985102682,293.3
"No","No",117.82504132107,520.2
"No","No",76.3028896745612,324.5
"No","No",27.7728663168142,461.2
"No","No",0,499.6
"No","No",44.4215631940072,477.4
"No","Yes",41.4845123211673,145.2
"No","Yes",40.6269540977292,176.6
"No","No",49.6225923377391,450.4
"No","No",0,280.9
"No","No",12.3437880094708,502.5
"No","No",21.474902053666,365.8
"No","No",11.6649091977616,543.7
"No","No",133.223334131904,443.1
"No","No",128.383202013877,450.4
"No","Yes",149.455209348019,81.5
"No","Yes",189.531090671301,226.6
"No","Yes",124.084098043737,155.7
"No","No",53.8846333185878,297.7
"No","No",103.696652376855,298.7
"Yes","No",182.943234858372,373.7
"No","No",62.4784364437351,433.4
"No","Yes",93.7309103244221,244.2
"No","No",109.929872886786,502.9
"No","No",22.1819844313536,510.5
"No","No",77.8300475551062,396.6
"No","No",68.4023796424298,239.9
"No","Yes",110.085166788881,163.9
"No","Yes",57.0989098005074,232.7
"No","Yes",73.5104970363752,145.4
"No","No",57.887402446935,325.6
"No","Yes",0,175.8
"No","No",79.6641055890925,390.3
"No","No",145.611537751799,476.7
"No","No",65.9723393303724,465.4
"No","No",68.8764982988196,386.5
"No","Yes",1.24967459646053,138.5
"No","No",48.1808887661022,298.1
"No","No",93.4108742667739,340.9
"No","No",41.3118932511495,378.4
"No","No",19.0803820476991,560.3
"No","No",72.9339758831214,616
"No","Yes",148.62787512212,168.3
"No","Yes",72.1765277738882,179.8
"No","Yes",5.54204170607127,202.7
"No","No",66.6507208835284,364.5
"Yes","Yes",119.077042477449,327.6
"No","Yes",111.082416010344,153.8
"No","Yes",78.003536108822,172.9
"No","Yes",42.6502104893883,199.1
"No","No",27.0617758084209,438.4
"No","Yes",108.600307573279,124.3
"Yes","Yes",171.537986020401,170.1
"No","Yes",40.9797268048852,147.8
"No","No",2.78330772407938,449.7
"No","No",47.6923254329108,519.7
"No","No",61.8278503191746,420.4
"No","No",7.25048409856963,510.4
"No","No",69.0136192967869,391.4
"No","No",0,465.4
"No","No",89.5185976184771,340.1
"No","Yes",126.390058918936,201.2
"No","No",20.48144754469,442.3
"No","Yes",138.865349083842,207.1
"No","No",59.9027811793175,475.3
"No","Yes",40.7155607194765,53
"No","No",86.2385545719636,453
"No","No",22.9337784673751,299.7
"No","No",18.4598227237469,500
"No","Yes",45.8726622015697,102.1
"No","Yes",74.6137030954411,209.8
"No","No",63.1894230221511,346.2
"No","Yes",66.3653135879938,178
"No","Yes",114.727845514543,229.2
"No","Yes",72.9957564641399,207.9
"Yes","No",152.151355323879,382
"No","No",31.9544382218025,444.9
"No","No",37.5565115698651,355.2
"No","No",89.5014204243461,362.8
"No","No",23.9502656096538,407.3
"Yes","Yes",160.967606239711,181.7
"No","No",110.228080520234,338.2
"No","Yes",62.3480889993993,281.6
"No","Yes",110.12274596986,163
"No","No",31.585270444913,298.9
"No","No",58.5059618147059,470.4
"No","No",129.689336972916,303.3
"No","Yes",44.6251345365418,194.7
"No","Yes",102.869294312239,184.4
"No","No",71.6357750398997,468.7
"No","Yes",131.22294861012,178.2
"No","Yes",48.5852606801048,130.2
"No","No",101.004438842566,376.6
"No","No",37.8214812871599,223.3
"No","No",58.634340594338,392.4
"No","No",91.1661518019864,423.4
"No","No",80.6452034487184,358.8
"No","No",55.4845996423455,420.4
"No","No",25.5743679331652,459.5
"No","Yes",116.722484659465,167.4
"No","Yes",134.431291332487,167.8
"No","No",63.237694561721,326.5
"No","No",108.072900455335,456.6
"No","No",89.4137870406934,528.2
"No","No",3.2376170930375,446
"No","Yes",87.9033032582914,130
"No","Yes",100.444695797865,151.9
"No","No",0,415.6
"No","Yes",95.1790509116952,208
"No","No",0,621.3
"No","Yes",50.6656769719842,172.9
"No","No",78.8071297682622,487.5
"No","Yes",78.9805002072501,217.9
"No","No",19.2121744634933,222.5
"No","No",102.102763033086,408.7
"No","Yes",112.412581799028,248
"No","No",69.3209854063608,393.6
"No","No",18.2274796055827,420.8
"No","No",65.8861836615167,473.5
"No","No",19.6107851897229,374.5
"No","Yes",40.8697895877704,184.4
"No","No",0,365.8
"No","No",80.6840035519269,457.2
"No","No",65.5322351695479,183.7
"No","No",84.0892000816557,345.5
"No","No",95.3702020806981,407.6
"No","No",23.662422488112,601.8
"No","No",89.5862856409131,270
"No","Yes",25.9984296444653,71.1
"No","No",33.9733721578851,317.5
"No","No",122.444276405721,425.6
"No","No",72.7278468867569,409.5
"No","No",72.931310330985,491.1
"No","Yes",91.3760962146331,253.9
"No","No",92.3539450473664,433.7
"No","No",0,283.6
"No","No",31.802150152822,356.2
"No","Yes",86.4137212338458,205.7
"No","No",72.3373090976579,336.5
"No","No",8.18765118559394,443.4
"No","No",124.313260582299,463.8
"No","No",104.01536559472,278.2
"No","No",27.5902239534728,549.5
"No","No",108.579508661215,343.1
"No","No",100.303693917115,351.3
"No","No",48.1764750061789,295.2
"No","No",60.808513772969,431.4
"No","No",47.9919757468165,356.3
"No","No",94.4519868537114,369.2
"No","No",75.5722520865139,387.4
"Yes","Yes",127.619557896238,180.9
"No","Yes",110.29292160239,105.1
"Yes","Yes",149.731211558194,101.6
"No","No",53.6632366101563,700.2
"No","No",60.6601070494662,372.9
"No","Yes",86.0219929998146,279.6
"No","Yes",48.0106889155136,178.2
"No","No",82.0395631884997,253.5
"No","Yes",118.018425889729,214.9
"No","Yes",80.1669285998186,229.9
"No","No",61.9208219171226,317.8
"No","Yes",113.178664604219,150.7
"No","No",123.647474570109,549.4
"No","No",105.52949874798,429.7
"No","No",58.5022513739676,322.3
"No","No",116.612595679562,368.5
"No","No",77.5807122350869,317.7
"No","Yes",81.8128932527062,143
"No","No",0,317.7
"No","Yes",96.1151273521087,142.2
"No","Yes",28.5156261735401,141.9
"No","No",53.7543784929709,446.6
"No","No",59.8453076242052,338.5
"No","No",59.7036424849821,242.7
"No","Yes",53.6338091079272,110.2
"No","Yes",83.4911896071898,199.6
"No","No",94.6710306957209,346.4
"No","No",32.7398126373761,500.3
"No","Yes",22.8590445876831,221.7
"No","No",63.9129860935358,493.5
"No","Yes",47.4071358232676,177
"No","Yes",119.91803264144,161
"No","Yes",68.9669154256829,103.3
"No","No",38.3482719659573,383.7
"No","No",71.8056709600784,404.5
"No","No",32.6095180900289,306.3
"No","No",63.0139743223002,352.7
"No","No",80.4644449191484,204.4
"No","No",81.4228210055662,406.6
"No","Yes",3.28085825816388,169.4
"No","No",16.8621756463813,367.1
"No","No",32.6198825737005,409
"No","Yes",97.2809058071147,146.6
"No","No",52.9332614067163,287.2
"No","No",154.30486239217,303.2
"No","No",51.4188185609552,435.9
"No","No",4.86867505478922,322.8
"No","No",6.76329153494157,608.3
"No","No",49.0233938128872,272.2
"No","Yes",119.66825325959,172.8
"No","No",77.1449677167056,351.4
"No","No",0.540684982254257,469.3
"No","No",44.643381843159,453.7
"Yes","No",132.544071668844,364.6
"No","No",130.257055868312,603
"No","No",68.7256764816416,421.4
"No","No",0,502.6
"No","Yes",113.746606119712,196.8
"No","No",70.0790235224482,332.9
"No","Yes",20.6385330238568,137
"No","No",15.4906020048879,539.7
"No","No",105.514463247369,409.6
"No","No",116.492138075096,322.2
"No","No",97.2483378466334,321.2
"Yes","Yes",169.454101948002,124.6
"No","Yes",89.4424107828875,164.6
"No","No",32.65374456842,604.6
"No","Yes",102.291530711391,238.1
"No","Yes",42.5452311461368,227.5
"No","Yes",86.4499337522276,191
"No","No",58.5513012388049,408.1
"No","Yes",93.3459272323316,206.6
"No","No",47.6523012368533,444.5
"No","No",94.2059306554649,266.3
"No","No",91.1084524083654,437
"No","No",66.6997788189473,537.1
"No","Yes",101.810241858082,173.7
"No","Yes",113.021060157826,185.5
"No","No",89.0807463851002,402.7
"No","Yes",123.894479244538,183.1
"Yes","Yes",187.889527588841,177.7
"No","Yes",57.8236969284375,105.2
"No","No",76.8600570776229,581.2
"No","No",50.5333209557605,223
"No","No",65.7296641363581,436.9
"No","Yes",0,115.4
"No","No",52.020769562198,366.8
"No","No",0,302.4
"No","Yes",89.5553879079794,108.9
"No","No",10.1132025288314,328
"No","No",0,454.9
"No","Yes",5.25128629565962,209.1
"No","Yes",44.2383710923079,210.6
"No","No",141.642176436446,362.4
"No","Yes",118.609133353128,206.7
"No","No",3.21353431459268,370.2
"No","No",30.1404055097117,326.7
"No","Yes",88.3658343964619,223.2
"No","Yes",100.03027708684,207.9
"No","No",98.9930113402971,436.6
"No","No",86.3451485532187,401.4
"No","No",53.1273398858194,307.6
"Yes","No",134.604715223926,535.1
"No","No",53.5787753111023,315.2
"No","Yes",117.244174207221,121.7
"No","No",10.872155722124,466.1
"No","Yes",156.076237722563,156
"No","No",102.224227495517,405.2
"No","No",163.78648332388,381
"No","No",107.604196583967,324.3
"No","No",111.411490168326,452.1
"No","No",41.2364736537879,467.6
"No","No",72.5952077555935,262.3
"No","No",76.0918324758831,344.6
"No","No",94.5733491372868,357.8
"No","No",78.3968404237337,602.1
"No","No",47.1228030690727,502
"No","No",50.7590992282935,409.9
"No","Yes",59.9709429137072,209.3
"No","No",153.903470731255,334.9
"No","No",114.499429558177,435.1
"No","Yes",134.62993741221,227.9
"No","No",60.2568691059931,249.9
"No","No",89.9836407559015,363
"No","Yes",54.5999005388188,176.7
"No","Yes",101.005885475141,189.9
"No","No",26.3440098799901,306
"No","Yes",106.401117496626,189.4
"No","No",107.762781464406,294.6
"No","No",36.3188552550714,478.3
"No","No",139.0858148737,566.1
"No","No",53.6549981953585,428
"No","No",82.6063385304434,399.3
"No","No",49.2031450125795,482.7
"No","No",74.7303523054498,432.1
"No","Yes",111.215867197466,140.2
"No","No",82.807294935634,345.4
"No","No",106.752698747222,402.8
"No","No",135.652063590049,446
"No","No",88.2285765677334,449.7
"No","No",60.4155679921627,408
"No","No",130.206871994711,295.7
"No","No",0,487.8
"No","Yes",43.6617807112438,244
"No","Yes",197.357947704206,247.4
"No","No",118.999398547929,222.5
"No","No",31.6171501714385,368.9
"No","Yes",97.4640853534991,156.2
"No","Yes",175.370235817227,236.7
"No","Yes",69.5861358516328,183
"No","No",18.7709067640651,344.7
"No","No",59.8159043318455,264.3
"No","No",24.4936315258384,282.7
"No","No",27.2653175534087,305.9
"No","No",26.1455892251139,359.5
"No","No",89.2280179384982,493.2
"No","No",65.3905458087753,491.3
"No","No",28.9698321198149,329.6
"No","No",44.2363277020932,383.2
"No","No",37.0999583250781,532.6
"No","Yes",135.812315741005,214.3
"No","No",11.1090090270011,457.6
"No","No",0,520.7
"No","No",93.0421336771543,417.3
"No","No",150.549249927449,554.1
"No","No",62.1941731348399,219
"No","No",86.731150551827,459.4
"No","Yes",100.952771771922,261.2
"No","No",53.267415270118,427.3
"No","No",54.8065575231209,457.9
"No","No",113.101594449278,478.2
"No","Yes",53.7894115436778,211.9
"No","No",0,389.5
"No","No",0,378.3
"No","Yes",105.075202552437,189.5
"No","No",30.0669072346555,367.9
"No","No",76.1884936652714,404.1
"No","No",38.9650702497323,557.2
"No","Yes",53.1439472694156,174
"No","Yes",153.640868537682,199.2
"No","No",55.9205467001637,562.7
"No","No",16.6093962647334,367.2
"No","Yes",97.331035602291,121.8
"No","No",60.9323654285614,424.4
"No","No",85.7607006867651,331.1
"No","No",33.1634777280463,537
"No","No",97.5091933519422,362.8
"No","No",72.4072999141848,593.1
"No","No",2.82316321184843,421.9
"No","No",78.473420427958,417.3
"No","No",60.9719541071181,279.5
"No","No",103.150472338827,610.5
"No","Yes",59.6064815824699,168.1
"No","Yes",74.708009161649,214.1
"No","Yes",123.30699884655,230.8
"No","No",4.81305375974051,466.6
"No","No",76.8405797180668,367.7
"No","No",69.3745714982699,317.1
"No","Yes",8.84973841936618,167.3
"No","No",96.2601368402653,323.4
"No","No",97.6151798374159,306.5
"No","No",89.0176140609429,514.2
"No","No",0,166
"No","Yes",46.1105929975865,126.7
"No","No",130.176977995477,385.6
"No","No",62.2487859105053,417.2
"No","Yes",110.513080877855,46.6
"No","No",50.0413718990501,405.6
"No","No",99.9774673457104,471.4
"No","No",101.61691342667,443.3
"No","Yes",113.436432476519,201
"No","No",67.5097315305934,332.2
"Yes","Yes",193.869177997446,176.6
"No","No",0,248.9
"No","Yes",50.3855795939721,210.4
"No","No",95.8260538201354,236.3
"No","Yes",91.8851228697285,186.7
"No","Yes",68.4241978433336,154.2
"No","Yes",61.4800578105066,192.7
"No","No",55.0187021697844,501.8
"No","Yes",158.419385457806,156.9
"No","No",0,476.7
"Yes","No",171.707950435615,354.9
"No","Yes",127.165350178237,198.2
"No","No",61.5985497322036,454.2
"No","No",43.9816705925687,374.1
"No","No",135.439045251117,375.1
"No","Yes",135.391104279424,184.6
"No","No",60.7029008362173,333.3
"No","No",33.4848213707022,507.5
"Yes","No",181.47313924655,430.2
"No","Yes",145.164700752915,142.3
"No","Yes",0,218.8
"No","No",16.422754396649,367.3
"No","No",31.1363014802641,393.9
"No","No",59.9782075036139,491.7
"No","No",111.052591739309,505.4
"No","No",0,353.8
"No","No",111.164358774676,374.7
"No","Yes",116.402936145802,193.8
"No","No",0,457.9
"No","Yes",92.3929668735587,187.7
"Yes","Yes",167.230734277676,174.7
"No","No",23.1667119652992,335.5
"No","Yes",98.2797668567622,142.3
"No","No",19.6940144927057,430.7
"No","No",97.7789626769047,294
"No","No",0,386.9
"No","No",50.754026848772,389.8
"No","No",129.90519367319,248.5
"No","No",110.725854693764,411.8
"No","No",177.842636669457,502.7
"No","No",57.600778599521,288.4
